smiles,score
c1(oc2c(c1C)ccc(c2)C)C(=O)NCc1nc2c(o1)ccc(c2)OC,-8.4
c1(c(=O)oc2c(c1)cccc2OC)C(=O)Nc1c(C)cccc1,-8.5
n1(nc2c(n1)cc(c(c2)NC(=O)c1oc(c2c([N+](=O)[O-])cccc2)cc1)C)c1ccccc1,-7.3
c1(cc(nc2c1cccc2)c1ccccc1)C(=O)NCc1ccc(cc1)C,-8.9
c1(sc(nn1)CC)NC(=O)CCN1CCC(C(c2n(ccn2)C)O)CC1,-7.8
N(C(=S)Nc1ccc(C(=O)NCCOC)cc1)C(=O)c1sccc1,-7.2
N1([C@@H]2[C@@H]([C@@](CC1)(c1ccccc1)O)CCCC2)Cc1nccnc1C,-7.0
c1(nnn(c1)CC(=O)N(CC)CC)C(=O)N(Cc1n2c(nc1)cccc2)C,-7.7
c1(oc(cc1)COc1c(cc(cc1)CCC)OC)C(=O)NCCC,-7.1
n1[nH]c2c(c1CCC(=O)NCC1(c3ccccc3)CCOCC1)CCCC2,-7.6
[C@H]12[C@](CCN(C1)C(=O)COC)(CCN(C2)Cc1cc(c(cc1)F)F)O,-8.4
c1(nc(on1)CN(C(=O)Nc1ccc(Cl)cc1)CC)c1sccc1,-7.4
c1(c([nH]cc(c1=O)C)CN1CC(N(CC2CCCCC2)CC1)CCO)C,-7.4
c1(C(=O)N(CC2OCCCC2)C)ncc(cc1F)F,-6.8
c1(sc(nn1)N)C12CC3CC(C1)CCC(C2)C3,-7.0
N1(C(=O)CCC2(C1)CCN(C(=O)CCC(F)(F)F)CC2)Cc1cnccc1,-7.3
c1(noc(c1)COc1c(cc(cc1)F)F)C(=O)NC1C2CC3CC1CC(C2)C3,-8.8
C(=S)(Nc1c(cc(cc1)C)C)c1ncccc1,-6.6
c1(c(c2c(s1)CC(CC2)C)C(=O)OC)NC(=O)C1C2C=CC(C1C(=O)O)C2,-8.4
n1c(nnn1C)c1ccc(C(=O)N2CC3(CC2)CCN(CC3)C)cc1,-9.0
c1(C(=O)N2CC(Cc3ccc(cc3)CO)CC2)cn(nc1)Cc1ccccc1,-7.8
c1(c2c(ccc1O)cccc2)/C=N/NC(=O)c1ccncc1,-8.0
C(=O)(N1CCN(Cc2ncccc2C)CC1)[C@@H](NC(=O)C)Cc1nc[nH]c1,-7.4
c1(nc2c(s1)CCCC2)NC(=O)c1c2c(nc(c3c(ccc(c3)OC)OC)c1)ccc(c2)Cl,-8.0
c1(sc2c(c1Cl)cccc2)C(=O)Nc1ncc(s1)Cc1cc([N+](=O)[O-])ccc1,-8.1
S(=O)(=O)(c1ccc(C(=O)N2CCN(c3ccc(cc3)F)CC2)cc1)N(C)C,-8.2
n1(c(nnc1SCC(=O)Nc1cc2c(OCO2)cc1)c1cnccc1)c1ccccc1,-8.6
N1/C(=N\N=C\c2cc(OC)ccc2)/SC(C1=O)CC(=O)O,-8.0
C1(c2c(NC(C1)C)cccc2)N(C(=O)CCC)c1ccccc1,-7.3
S(=O)(=O)(N(c1c(OCC)cccc1)CC(=O)NCCCOC(C)C)c1ccc(SC)cc1,-7.3
C(=O)(c1c2c(ccc1)cccc2)NCC1CN(Cc2oc(cc2)CO)CCC1,-7.4
c1(C(=O)N2CC(CCc3ccccc3)(CO)CCC2)cc(no1)C(C)C,-8.6
c1(c(c2c(s1)cccc2Cl)Cl)C(=O)Nc1cc(c(cc1)C)Cl,-7.5
S(=O)(=O)(Nc1c(cc(C(=O)Nc2cc(ccc2)C)cc1)C)C,-8.3
c1(n(ccn1)CC1CCC1)C1CN(C(=O)CCc2cc(OC)ccc2)CCC1,-7.9
c1(nn(c(c1)c1sccc1)C)C(=O)NCc1nc(sc1)N(C)C,-7.1
o1c(nnc1SCc1cc(C#N)ccc1)c1ccncc1,-8.5
N1(C(=O)N(C(C1=O)CC(=O)Nc1ccc(F)cc1)CCOC)c1cc(ccc1)C,-8.2
S(=O)(=O)(Nc1c2c(ccc1)cccc2)c1c(cc(cc1)C)C,-7.9
n1c(n(nc1)C)CCNC(=O)[C@@H]1C[C@@H](O)CCC1,-7.2
c1c(N2CC(OCC2)CCNC(=O)c2cc(NC(=O)CC)ccc2)cnn(c1=O)C,-9.3
c1(c(nn(c1)C)C)CN1CCC2(CN(C(=O)CC2)CCN(C)C)CC1,-7.1
n1c(noc1CC(C)C)CN(C(=O)C(Nc1cc(OC)ccc1)CC)CC,-7.3
S(=O)(=O)(c1cc(ccc1Cl)Cl)N1CCC(C(=O)Nc2cc(C(=O)C)ccc2)CC1,-8.5
c1(C(=O)N2CCN(c3nc(nc(c3)N3CCOCC3)C)CC2)c(ccc(c1)Cl)OC,-7.9
n1(c(nnc1S)c1cnccc1)/N=C/c1c(c(OCC)ccc1)O,-6.9
C(=O)(Nc1c(c(Cl)ccc1)C)C(Oc1ccc(cc1)OC)C,-7.6
C(=O)(NNC(=O)CCc1ccccc1)COc1ccc(Cl)cc1,-7.4
S(=O)(=O)(N1CCC2(CC(CN(C2)C)c2ccccc2)CC1)N(C)C,-6.7
c1(nc(cc(n1)C)C)SCC(=O)Nc1c(ccc(c1)C)C,-6.8
C(=C(\Nc1ccc(cc1)C)/C)/C(=O)c1ccc(cc1)OC,-8.3
c1(n(nnn1)C)SCCNC(=O)C1N(Cc2ccccc2)CCCC1,-7.1
c1(nc(cc(n1)c1ccc(cc1)C)c1ccccc1)N/N=C/c1ccccc1,-8.2
c12c(oc(c(c1=O)c1ccc(cc1)OC)NC(=O)C(C)C)c1c(s2)cccc1,-8.5
N1(C(=O)[C@@]23N([C@H](c4n(c5cc(ccc5)C)ccn4)C[C@H]2C1)CCC3)c1c(OC)cccc1,-8.0
[n+]1(c(c(=O)n(c2c1cccc2)OCc1cc(ccc1)C)c1ccccc1)[O-],-8.4
N(C(=O)C)(c1ccc(CC2Cc3c(OC2)cccc3)cc1)C,-7.8
c1(sc2c(c1)CC(CC2)C)C(=O)N(Cc1c(n(nc1)C)C)C,-7.3
N1(C(=O)CCc2c(OC)cccc2)CC(C1)Oc1cc(OC)ccc1,-7.3
c1(C(=O)N2CC(=O)N(CC2)C2CCCC2)cc(sc1)CC,-7.0
n1(nc2c(n1)cc(c(c2)NC(=O)COc1cc(ccc1)C)C)c1ccc(cc1)Cl,-7.8
N1(CC(c2cc3c(cc(cc3)OC)cc2)OCC1)CCC(=O)NC(C)C,-8.7
c1(onc(c1)CC)CN(C(=O)CC(=O)Nc1c(C)cccc1)C,-7.6
S(=O)(=O)(c1cc2nc(n(c2cc1)C)CCC(=O)NCC(=O)N)N1CCCC1,-8.0
C(=O)(Nc1cnccc1)c1cc(CN(C(Cc2ncccc2)C)C)ccc1,-7.4
n12c(=NCN(C2)c2ccc(C(=O)C)cc2)s/c(=C\c2cc(c(cc2)OC)OC)/c1=O,-8.2
S(=O)(=O)(N(CC(=O)NCc1ccc(cc1)C(C)C)c1ccc(cc1)OCC)c1ccccc1,-8.7
C1(c2c(OC(C1)(C)C)cccc2)NC(=O)CN(Cc1cnccc1)C,-7.4
N1(C(=O)c2c(C1=O)cccc2)C(C(=O)Nc1c(ccc(c1)C)C)CCCC,-7.4
c1(c(=O)n(c2c(c1)cccc2)C)CN1CCN(c2nc(cnc2C)C)CC1,-7.8
c1(c(c(c(s1)C(=O)Nc1c(cc(cc1)C)C)C)C(=O)OCC)NC(=O)COc1ccccc1,-7.2
c1(noc2c1CCCC2)CN(C(=O)Cn1c(=O)c(ccc1)OC)C,-7.6
N1(N=C2C(C1c1ccccc1)COC(C2)(C)C)C(=O)c1occc1,-7.1
N1(N=C(CC1c1sccc1)c1ccccc1)C(=O)c1sccc1,-7.3
N1=C(S/C(=C\c2c(cc(cc2)Cl)Cl)/C1=O)N1CCN(C2=NC(=O)/C(=C\c3c(cc(cc3)Cl)Cl)/S2)CC1,-5.1
N1(C2Cc3c(CC2)cccc3)CCC(Oc2c(cc(C(=O)NCCOC)cc2)Cl)CC1,-8.1
c1(nc2c(s1)cccc2)c1c(cc(NC(=O)c2ccc(cc2)OC)cc1)O,-7.7
S(=O)(=O)(N(CC(=O)N1CCN(c2cc(Cl)ccc2)CC1)c1ccc(OCc2ccccc2)cc1)C,-8.1
n1nc(c(s1)CNC(=O)CCCOc1ccccc1)C,-7.1
S(=O)(=O)(c1cc(ccc1OCC)OCC)NCc1ccncc1,-7.3
S(=O)(=O)(c1sc(cc1)C)NC([C@H]1C[C@H](C1)O)c1cc2c(OCC2)cc1,-8.5
S1(=O)(=O)CC(N(C(=O)c2cc([N+](=O)[O-])c(cc2)NC)C)(CC1)C,-7.6
c1(nc([nH]c(=O)c1)N)[C@@H]1C[C@H](NC(=O)c2oc(cc2)c2ccc(cc2)OC)C1,-9.2
S(=O)(=O)(c1c(C(=O)OC)scc1)N1CCC(c2ncc(cc2)C)(CC1)O,-7.9
c1(c2c(oc1)cc(cc2C)C)CC(=O)Oc1cc(cc(c1)C)C,-7.8
c1(ncc(CN2CC(C#N)CCC2)cn1)c1occc1,-7.0
n1(c(=O)c(c(cn1)N1CCCCC1)Cl)C(C(=O)Nc1c(C)cccc1)C,-7.5
c1(=O)[nH]c(=O)ccn1CC(=O)NC([C@H]1C[C@H](C1)O)c1cnc(cc1)OC,-7.6
c1(n(ccn1)CCCNC(=O)Nc1ccc(C(=O)OC)cc1)C(C)C,-7.5
n1c(n(nc1C1CCCC1)CCO)CC1N(C(C)C)CCNC1=O,-7.0
n1c([nH]cc1C)CNC(=O)CSc1ncccc1,-7.6
n1(c(ncc1)CC)CCCNC(=O)Nc1c(cc(c(c1)C)F)Cl,-7.5
[nH]1c(=O)c(n[nH]c1=O)CC(=O)N/N=C/c1c[nH]c2c1cccc2,-8.3
n1(nc(c2c(c1=O)cccc2)C)CC(=O)N1CC2(OC(=O)NC2)CCC1,-8.7
C1(=O)N(Cc2cc(ccc2)C)CCN(C1C)Cc1cc(no1)c1cnccc1,-8.4
N1(C(=O)N(C2(C1=O)CCN(CC2)CC(C)C)CCc1ccccc1)CC,-7.2
C(=S)(NC(=O)COc1c(C)cccc1)Nc1c(F)cccc1,-6.3
S(=O)(=O)(c1cc([N+](=O)[O-])ccc1C)Nc1ccc(I)cc1,-8.0
[nH]1c(=O)n(cc(c1=O)C)CC(=O)N(CCc1nc2c([nH]1)ccc(c2)OC)C,-8.0
c12c(c(=O)[nH]c(n1)N)C(CC(=O)N2)c1ccccc1,-7.3
c1(c(n(nc1C)CC)C)CNC(=O)c1c(onc1)CCC,-7.4
N1(C(=O)c2ccc(OCc3c(F)cccc3)cc2)CC(COCC1)CO,-7.7
N1([C@@H]2[C@](CC1)(CC[C@@H](C2)OCC1CC1)OC)Cc1cc2c(OCCO2)cc1,-7.3
n1(c(n[nH]c1=O)C1CCN(C(=O)[C@H]2NC(=O)CC2)CC1)Cc1ccccc1,-7.8
C1(=C(C(=O)N(C1c1ccc([N+](=O)[O-])cc1)CCC(=O)O)O)C(=O)c1ccc(cc1)Cl,-8.5
[nH]1c(=O)n(ccc1=O)CCC(=O)N1C(CCn2nccc2)CCCC1,-8.3
C(=O)(Nc1c(NC(=O)c2cc(OC)ccc2)ccc(C(=O)O)c1)c1cc(OC)ccc1,-8.5
c1(c(cc(cc1)OC)O)CN1CCC(Cc2ccc(Cl)cc2)(CC1)CO,-7.6
N1(C(=O)CC(C1)C(=O)NCc1cnccc1)c1c(cccc1C)C,-7.7
c12n(nc(c1C(CC(=O)N2)c1ccc(cc1)CC)C)c1nnc(N2CCOCC2)cc1,-8.8
N1(C(=O)CCC(C(=O)N(Cc2nccs2)CCO)C1)CCN(C)C,-6.1
c1(oc(nn1)c1sccc1)c1c(OC)cccc1,-7.2
C1(=O)N(CC2(O1)CCN(CC2)C1CCOC1)CCCN(C1CCCCC1)C,-7.8
N1(C[C@H]([C@H](NC(=O)CCn2nccc2)CC1)O)Cc1ncccc1,-6.9
S(=O)(=O)(c1cc2c(OCCO2)cc1)NCc1occc1,-8.2
S(=O)(=O)(N(CC(=O)N1CCN(C(=O)OCC)CC1)C1CCCCC1)c1ccc(cc1)Cl,-8.7
[N+](=O)(c1cc(c(cc1)Cl)/C=N/NC(=O)c1cc(Cl)ccc1)[O-],-8.0
c1(nc(nc(c1)NCC1(N(CC)C)CCCCC1)C)C1CC(C1)O,-7.7
S(=O)(=O)(c1ccc(NC(=O)C2CCN(C(=O)N(CC)CC)CC2)cc1)NCC,-8.5
N(C(=O)C(c1ccccc1)C)c1c(C(C)C)cccc1C,-7.8
S(=O)(=O)(c1cc(ccc1Cl)Cl)Nc1ccc(S(=O)(=O)NCCCC)cc1,-7.0
[C@@]12([C@H](CN(C1)C(=O)CSc1nc(n[nH]1)CC)c1c(OC2)cccc1)CO,-8.5
n1c(c(sc1CCCNC(=O)C1CN(Cc2occc2)CCC1)C)C,-7.2
c1(c(n(c(c1)C)CC)C)/C=C/1\C(=O)NC(=S)S1,-5.9
C(=O)(NCc1cnccc1)COc1ccc(cc1)C,-7.6
N1(C(=O)C2C(C1=O)C1C=CC2C1)c1cc(ccn1)Cl,-7.5
S(=O)(=O)(N1CCN(c2c(cc(c(c2)C)C(=O)CC)F)CC1)c1ccc(cc1)C,-8.5
C\1(=C/NCCc2ccccc2)/C(=O)N(N=C1c1ccc(cc1)OC)c1ccc([N+](=O)[O-])cc1,-7.5
S(=O)(=O)(c1cc(c(cc1OC)C)OC)N1CCC(CC1)C,-7.4
c12c(n3c(n1)N(Cc1occc1)CCC3)c(=O)n(c(=O)n2C)CC,-8.3
S(=O)(=O)(N(C(C(=O)N(C)C)C)c1cc(F)ccc1)C,-6.3
N1(CC(N(C[C@@H]1C)C)(C)C)Cc1ccc(CCC(O)(C)C)cc1,-7.0
C(=O)(C1(N2CCCC2)CCCC1)N1CCC(CC1)CCC(=O)Nc1ccccc1,-8.2
N1(C(=O)c2[nH]c(cc2)CC)CC(C(O)(C)C)CC1,-7.2
S(=O)(=O)(c1cc(C(=O)Nc2ccc(C(=O)OCC)cc2)ccc1)N(C)C,-8.6
c1(n(c2c(c1)cccc2C)C)C(=O)N1CC(c2nc(no2)C(C)C)CCC1,-8.8
N(C(=S)Nc1cc2c(oc(=O)cc2)cc1)C(=O)c1cc(I)ccc1,-9.4
N1(C(=O)c2cnc(c3cc(CO)ccc3)cc2)CC(C(=O)CC(C)C)CCC1,-8.3
c1(c(c(c(s1)C)C)C(=O)OCC)NC(=O)c1c(F)cccc1,-6.9
c12nc(c3nc4n(c3)cccc4)[nH]c1CC(c1c(OC)cccc1)CNC2=O,-8.2
C(=O)(N(Cc1ncccc1C)C)c1cc(C#CC(O)(C)C)ccc1,-8.2
N1=C(C(=O)N[C@H]2C[C@H](N(C2)C)C(=O)OC)CCC(=O)N1C,-6.9
c1(c2n(nc1)cc(cn2)CCO)C(=O)N1CC(c2ccc(cc2)F)OCC1,-8.4
S(=O)(=O)(c1c(nn(c1C)C)C)N1C[C@@H]2N(C(=O)[C@H](C1)CC2)CCC,-7.3
C(=O)(C(=O)O)O.c1(c(ccc(c1)OCCOCCNCCOC)Cl)C,-5.9
n1(c(=O)[nH]c2c(c1=O)cccc2)CCCC(=O)NCCN1CCOCC1,-7.1
c1(n(ncc1)CCCNC(=O)c1c[nH]nc1)C1CC1,-6.5
c12c(c(nn1C)C)c(C(=O)NCCc1c(OC)cccc1)cc(n2)C,-7.7
C1(C2(OC(=O)C1)CCCC2)C(=O)NCCc1ccccc1,-7.5
C(=O)(NC1CCSC1)c1cc(CCC(O)(C)C)ccc1,-7.2
n1c(onc1C1CC1)C(NC(=O)CSc1ccc(Cl)cc1)C,-8.9
S(=O)(=O)(N1CC(C(=O)NC(CC)(CC)CC)CCC1)N(C)C,-6.3
C(=O)(N1CCN(c2cc(ccc2C)Cl)CC1)Nc1cc(ccc1)C,-7.7
c1(c(cc(cc1OC)NC(=O)NCC1c2c(CCO1)cccc2)OC)OC,-8.1
C(=O)(Nc1ccccc1)Cc1c(C)cccc1,-7.2
C(=O)(c1cscc1)N1CCC(C(=O)OCC)(Cc2c(Cl)cccc2)CC1,-7.1
C(=O)(Nc1c(cc(cc1)F)C)Cc1c(C)cccc1,-7.1
c1(CN2C(=O)CC3(C2)CCN(c2cc(ncn2)OC)CC3)c(onc1C)C,-8.0
c1(C(=O)N2CCN(Cc3cc(F)ccc3)CC2)sc(cc1)Cl,-7.1
c1(sc(nc1C)NC(=O)C1CCCCC1)C(=O)OCC,-7.5
S(=O)(=O)(NCc1ccc(F)cc1)c1ccc(cc1)Cl,-8.4
c1(cc(oc1C)c1ccc(cc1)Cl)C(=O)Nc1ncc(cc1)C,-7.4
S(=O)(=O)(c1cc(C(=O)Nc2cc3c(OCCO3)cc2)c(cc1Cl)Cl)N1CCCCC1,-8.4
S(=O)(=O)(c1c(cc(cc1)F)C)N1CCCCC1,-6.8
n1c([nH]c2c1cccc2C)CN(CCC(=O)Nc1c(F)cccc1)C,-6.5
c1(nc(sc1)C)C(=O)N1CCC2(CN(C(=O)CC2)Cc2ncccc2)CC1,-7.8
C(=O)(Nc1c(c(C(=O)O)ccc1)C)c1ccc(cc1)OC,-8.1
c1(C(=O)N2C[C@@H]([C@H](C2)N)C(C)C)c(nn(c1)CCC)C,-6.7
[nH]1c(=O)c(c[nH]c1=O)CCn1c(c(nc1)c1ccccc1)c1ccc(C(=O)O)cc1,-9.1
[C@@]12([C@H](CN(C1)C(=O)C1CCC1)CN(C2)Cc1c(ccc(c1)C)F)C(=O)O,-8.4
C(=O)(N/N=C/c1cnccc1)c1ccccc1,-7.1
n12c(c(cn2)c2ccccc2)nc(cc1N1CCN(Cc2ccc(Cl)cc2)CC1)C,-7.7
C(=O)(N1CCOCC1)c1cc(NC(=O)C(Oc2ccc(cc2)OC)C)ccc1,-8.5
N1(CCN(C2CCN(CC2)Cc2ccc(cc2)OCC)CC1)c1ccccc1.C(=O)(C(=O)O)O,-7.1
C1(C(C1)(C)C)(C(=O)N(CCCc1n(ccn1)C)C)c1ccc(cc1)OC,-7.1
c1(nc(C(F)(F)F)cc(n1)CC1CN(C(=O)C1)CCOC)N1CCCC1,-7.1
N1(C(=O)C2C(C1=O)C1OC2CC1)c1ccc(C(=O)O)cc1,-8.3
N(C(=O)c1c(cc(cc1)C)C)C(=S)Nc1cc(c(N2CCCC2)cc1)Cl,-7.8
C(=O)(Nc1cc(c(cc1)C)C)CCC(=O)Nc1cc(c(cc1)C)C,-7.7
n1(nc(cc1C)C)Cc1ccc(C(=O)N2CC(N(CC2)C(C)C)CC)cc1,-8.7
c1(nc(no1)CCOC)C1N(Cc2nc(oc2)C(C)C)CCCC1,-6.7
c1(n(nc(c1)C)CCOCC)C(=O)N[C@@H]1[C@H]([C@H]2[C@@H]1CCO2)N(C)C,-7.0
N1(C(=O)c2c(C1=O)cccc2)C(C(=O)Nc1c(c2c(s1)CC(CC2)C)C#N)C,-8.2
C(=O)(CC1OCCNC1)NCc1ccc(CN2CCCC2)cc1,-7.5
c1(C2=NOC(C(=O)Nc3ccc(cc3)OC)C2)c(n(nc1)CC)C,-8.1
c1(c(nns1)C(C)C)CN1C(C(=O)N(CC1)c1ccc(cc1)OC)C,-7.8
C(=O)(N1CCN(c2c(=O)[nH]ccn2)CC1)Nc1cc(C(=O)C)ccc1OCC,-8.1
S(=O)(=O)(c1cc(c(cc1C)OCC)C(C)C)NCc1ccncc1,-7.7
c12c(ncn(c1=O)c1cc(ccc1OC)Cl)sc(c2C)C,-6.6
S(=O)(=O)(Nc1ccc(NC(=O)C)cc1)C,-6.6
N1(C(=O)CN(Cc2cnc(nc2)c2cc(ccc2)C)CC1)C1CCCC1,-7.7
c1(c([nH]nc1)C1CCN(C(=O)[C@H]2NC[C@@H](C2)O)CC1)c1c(C)cccc1,-7.7
C(=O)(N(Cc1c2ncccc2ccc1)C)Cc1ccncc1,-7.8
S(=O)(=O)(N1CCC(C(=O)N2CCCC2)CC1)Cc1cc(Cl)ccc1,-8.3
C(=O)(c1c(nccc1)SC)N1CCN(CC1)C1CCOCC1,-7.4
c12n(c3c(n1)n(c(=O)[nH]c3=O)C)c(c(n2CC(=O)O)C)C,-7.6
n1c(cc(o1)C)N/C=C\C(=O)c1cc(c(cc1)Cl)Cl,-8.2
c1(nc2c(n1CC)cccc2)CCNC(=O)c1cc(ccc1)C,-8.6
n1(c(nnc1SCc1nc(no1)c1ccc(cc1)C)c1ccncc1)c1ccc(cc1)OCC,-8.6
c1(nc2n(c1CNCc1c(cc(cc1)F)F)cccc2)C(=O)N(Cc1ccccc1)C,-7.8
N1(C(=O)CCC(NC(=O)Nc2ccc(c3cc(OC)ccc3)cc2)C1)C,-9.1
c1(C(=O)O/N=C(/c2ccncc2)\N)c(cc(cc1)C)Cl,-7.8
c1(n(ccn1)Cc1ncccc1)C1CN(C(=O)c2nc(ccc2)C)CCC1,-7.6
c1(nc2c(c3c1CCC3)c1c(cc2)cccc1)c1c(ccc(c1)OC)OC,-7.9
n12nc(N3CC(C(=O)Nc4ccc(cc4)OC)CCC3)ccc1nnc2C,-8.2
n1(nc(N2CCSCC2)ccc1=O)CC(=O)NCc1c(Cl)cccc1,-7.7
C(=O)(N1CCC(CC1)(c1cnccc1)O)NCCc1cn(nc1)C,-8.8
c1(c(n[nH]c1)c1ccc(cc1)F)CNC(c1cc(c(cc1)OC)OC)CC,-7.7
C(=O)(N[C@H]1[C@H](OCc2ccccc2)COCC1)c1nc(ccc1)C,-7.0
c1(nc2c(s1)cc(NC(=O)c1c(C)cccc1)cc2)NC(=O)CC,-8.2
c12n(nc(c1)CNS(=O)(=O)C)CCCN(C2)Cc1occc1,-7.4
C1(=C(NC(=O)NC1c1cc(c(cc1)OC)OC)C)C(=O)OCCOCC,-6.7
N1([C@H]2[C@@H]([C@@H](C1)c1cc3c(OCO3)cc1)N1CCC2CC1)C(=O)CCC1(CC1)C,-7.9
C1(=C(C(=O)N(C1c1ccc(cc1)F)CCOC)O)C(=O)c1ccc(S(=O)(=O)N(CC)CC)cc1,-7.8
c12c(c(cc(c1non2)N(C)C)Nc1ccc(SC#N)cc1)[N+](=O)[O-],-8.1
c1(sc(nn1)CCOCC)NC(=O)Cc1ccccc1,-7.2
c1(S(=O)(=O)NC(C)(C)C)sc(nn1)NC(=O)C,-7.2
c1(nc2c(n1CC)cccc2)SCC(=O)N/N=C/c1c2c(cc3c1cccc3)cccc2,-7.8
C(=S)(N1CCN(c2ccc([N+](=O)[O-])cc2)CC1)Nc1c(cc(cc1)Cl)Cl,-7.7
n1(c(=O)n(c2c1ncc(c2)C(=O)O)CC(=O)Nc1nn(cc1)C)CC(C)C,-7.7
S(=O)(=O)(N(c1cc(ccc1Cl)Cl)CC(=O)NCc1ncccc1)c1ccccc1,-8.7
c1(C(=O)N(Cc2noc3c2CCCC3)C)cc(no1)CC(C)C,-7.7
S(=O)(=O)(N(CC(=O)Nc1c(Cl)cccc1)c1c(CC)cccc1)c1ccccc1,-9.0
n1(nnc(c1C)C(=O)Nc1ccc(N2CCN(CC2)C)cc1)c1c(ccc(c1)C)C,-5.1
S(=O)(=O)(c1ccc(NC(=S)NNC(=O)CCC(=O)Nc2c(Cl)cccc2)cc1)N,-7.4
C(=O)(N/N=C\c1cc2c(cc1)cccc2)CNc1ccc(cc1)C,-9.0
c1(nc(cc(n1)C)NC)N1CC(N(Cc2ccc(cc2)C)CC1)CCO,-7.6
C1(C(=O)O)(CCN(c2ncccn2)CC1)Oc1ccc(Cl)cc1,-8.3
S(=O)(=O)(N(CC(=O)Nc1cc(C(=O)OC)ccc1Cl)c1cc(C(=O)C)ccc1)C,-7.5
c1(c(cc(cc1OC)CN(Cc1ccncc1)CCCn1cncc1)Cl)O,-6.2
C(=O)(N1CCC(CN2CCOCC2)CC1)C(c1ccc(cc1)F)N(C)C,-7.6
N(C(=O)C1CCN(C(=O)C)CC1)c1c(cccc1CC)C,-7.1
n1n2c(cc1CN(Cc1nc3c([nH]1)cc(cc3)F)C)CNCC2,-7.7
C1(=C(NC(=C(C1c1ccc(cc1)CC)C(=O)C)C)SCC(=O)c1cc([N+](=O)[O-])ccc1)C#N,-7.2
n1(c(nnc1Cn1cncc1)C1CN(C(=O)c2ccc(cc2)OC)CCC1)C,-8.0
C(=O)(NC1(C(=O)N)CCCC1)c1cc(OCCN)ccc1,-7.3
c1([nH]c(=O)c2c(n1)cccc2)C(=O)N1CCC(c2nc(n[nH]2)C)CC1,-9.3
C12(OC(=O)C(C1(C)C)(CC2)C)C(=O)Oc1cc(c(cc1)C)C,-8.9
c1(C(=O)N2CC(NC(=O)C)CC2)oc2c(c1C)ccc(c2)OC,-7.9
c1(c2c(oc(=O)c1)cc(cc2OCC(=O)N1Cc2c(CC1)cccc2)C)c1ccccc1,-9.3
c12n(c(cc(n2)C)NCC2OCCC2)ncc1c1ccc(cc1)Cl,-8.9
n1oc(cc1C)CC(=O)NCC(N1CCCCC1)c1ccccc1,-7.3
C(=O)(N1CC(NCC1)c1ccccc1)Nc1cc(C(=O)OCC)c(cc1)Cl,-8.1
c1(C(=O)N2CC(OCCC2)C)c2c(nc(c1)c1occc1)c(Cl)ccc2,-7.6
n1(c(=O)c2c(nc1/C=C/c1ccc(cc1)O)cccc2)c1c([N+](=O)[O-])cccc1,-9.2
c1(c(c(OC)ccc1)OC)C1CN(Cc2ccncc2)CC1,-7.3
c1(nc2c(n1C)cccc2)CNC(=O)c1c(N2CCCC2)cccc1,-7.8
n1c(noc1CN(CC(=O)NC1CCCCCCC1)C)c1cnccc1,-7.2
C\1(=C/2\C(=O)NC(=S)S2)/C(=O)Nc2c1ccc(c2C)Cl,-8.2
N1(Cc2cnc(nc2)c2ncccc2)C(CCNC(=O)C)CCCC1,-7.5
n1c(noc1CN1CCC2(CN(C(=O)CC2)CCc2ccccc2)CC1)C(C)C,-8.2
c1(oc2c(c1C)ccc(c2)C)C(=O)NCc1nc(sc1)N1CCCC1,-7.7
C(=O)(c1cc(c(cc1)C)C)NCCN(C)C,-6.8
C(C1N(Cc2cocc2)CCNC1=O)C(=O)N1CCN(Cc2sccc2)CC1,-7.5
n1c(noc1CNCCN1C(=O)NCC1)c1ccc(cc1)OC,-8.1
S(=O)(=O)(n1cc(nc1)C)c1c([N+](=O)[O-])cccc1,-7.1
n1(c(nnn1)CN1CCCC1)CC(=O)NCCc1cc(C(F)(F)F)ccc1,-8.1
c1(nc(n(n1)CCO)CCCn1nc(cc1C)C)c1oc(cc1)C,-8.2
N1(C(=O)NCc2ncc[nH]2)CC(N(CC2CC2)CC1)CCO,-7.1
C(=O)(CC(c1ccc(OC(C)C)cc1)c1ccccc1)N(CC)CC,-6.8
C(=O)(Nc1ccc(NC(=O)c2ccccc2)cc1)C(C)(C)C,-7.0
n1c(C(=O)NCc2c3[nH]c(c(c3cc(c2)C)C)C)ccc(=O)n1C,-8.4
N1(C(=O)c2cc(c(c(c2)Cl)C)Cl)CC(C1)c1cnccc1,-6.8
n1c(cc2n1CCCN(C(=O)Cn1c(=O)cccc1)C2)C(CN(C)C)O,-7.1
c1([nH]c2c(c1)cc(cc2)C)C(=O)NC1CCN(c2c(C#N)cccn2)CC1,-8.4
c12n(c3c(nn2)c(=O)n(cc3)CC2OCCC2)ncc1c1ccc(cc1)F,-8.4
N1(C(=S)S/C(=C\c2c[nH]c3c2cccc3)/C1=O)CCCCCC(=O)O,-7.9
n1c(=S)n(c(c(c1SC)C(=O)C)C)CC=C,-5.4
C12(C(=O)Nc3c(N1)cccc3)CCN(C(=O)C(O)C)CC2,-8.0
c12n(c(cc(n2)c2ccc(cc2)C)C(F)F)ncc1C(=O)N1CCN(c2ccc(cc2)F)CC1,-8.2
N1([C@H]2[C@H](CN(C(=O)COCCC)CC2)CCC1=O)CCc1ccccc1,-7.4
[nH]1c(=O)n(ccc1=O)CCC(=O)N1[C@H]2CN(c3nccnc3)C[C@@H](C1)CC2,-8.5
s1c(nnc1c1cc(OCC)ccc1)NC(=O)Nc1ccc(cc1)C,-7.8
C(=O)(NCc1c(Cl)cccc1)Cc1ccc(F)cc1,-7.9
N1(CC(OC(C1)C)C)CCCOc1c(cc(cc1)Cl)CC=C.C(=O)(C(=O)O)O,-6.5
N(C(=O)/C=C/c1c(OC)cccc1)c1c(OC)cccc1,-6.9
c1(nnc(s1)C)CN1CCC(C(=O)NCCc2ccccc2)CC1,-7.7
n12c(c(c(n2)CC)c2ccccc2)nc(cc1N1CCN(Cc2ccccc2)CC1)C,-7.2
N1(C(=O)c2c(C1=O)cccc2N1CC(C(=O)N2Cc3c(CC2)cccc3)CCC1)CC1OCCC1,-9.6
C(=S)(Nc1ccc(F)cc1)NCCC1=CCCCC1,-7.0
c12n(c(cc(c2)C)C)cc(n1)CNC(=O)c1cnc(nc1)Nc1ccccc1,-8.3
C1(=NC(=O)C(C2(N1)CCCC2)C#N)N1c2c(CC1)cccc2,-7.8
C(=O)(N1CCC(C(=O)O)(CC1)CCC)c1ccc(SCCO)cc1,-7.8
n1(c(=O)n(nc1C)c1ccccc1)CC(=O)NCCn1nc(c(c1C)CC)C,-7.6
c1(c(nn(c1)c1ccc(cc1)C)c1ccc(cc1)F)CN1CCC(CC1)CO,-7.5
C(=O)(N(c1ccccc1)c1ccccc1)C1C(C(=O)OCC(=O)c2ccc(cc2)OC)CC=CC1,-8.0
N1([C@H](C(=O)N(CC)CC)C[C@H](NC(=O)c2n(C3CC3)ccc2)C1)C(=O)CC,-6.1
N1(C(=O)CCC(=O)c2ccccc2)C[C@@H]([C@@](CC1)(O)C)CC,-7.0
C1(N(N=C(C1)CC(C)C)C(=O)CC#N)(C(F)(F)F)O,-6.8
C12=C(Nc3c(NC1c1c(Cl)cccc1)cccc3)CC(CC2=O)c1ccc(cc1)OCC,-8.7
S(=O)(=O)(c1oc(c2cc(C(F)(F)F)[nH]n2)cc1)NC([C@@H]1C[C@@H](C1)O)CC,-7.6
N1(c2ccncc2)CCN(Cc2c(OCCn3cncc3)cccc2)CC1,-7.3
c12n(c(cc(n2)c2ccccc2)C(F)(F)F)ncc1C(=O)OC(C)C,-7.2
n1(c(nc2c(c1=O)c(c(s2)C)C)SCC(=O)c1sccc1)c1cc(c(cc1)Cl)Cl,-7.5
N1(C(=O)CN2CCOCC2)CC(c2nnc[nH]2)CCC1,-7.6
S(=O)(=O)(N1CC(OCC1)CNC(=O)Cc1cc2nc([nH]c2cc1)C)C,-8.6
c1(c(n(nc1C)c1ccc(cc1)CC)C)/N=N/c1cc([N+](=O)[O-])ccc1,-8.3
O1C(C(=O)Nc2ccccc2)Cc2c1cccc2,-7.8
c1(c(=O)[nH]c(=O)[nH]c1)C(=O)NC1CCN(C(=O)N2CCCC2)CC1,-8.2
n1(nc(c(c1C)C)C)c1nnc(Nc2ccc(NC(=O)Nc3cc(c(cc3)F)Cl)cc2)cc1,-3.4
N1(C(=O)CN(Cc2cnc(nc2)NCc2ccccc2)CC1)C1CCCC1,-9.8
c1(c(c(CN2CCC(N3CCCCCC3)CC2)ccc1OC)OC)OC.C(=O)(C(=O)O)O,-7.0
n1c(noc1CNC(=O)C1CC(OCC1)(C)C)c1cc(ccc1)C,-8.3
c1(nc(oc1)COc1c(c(F)ccc1)F)C(=O)N1CCN(CC1)CC,-7.4
n1c(c[nH]c1C)CN1CCC(COc2ccc(cc2)OC)CC1,-7.5
n12c(=NC(=C(C2c2ccc(cc2)OC)C(=O)OCC)C)s/c(=C/c2c(c(OC)ccc2)OC)/c1=O,-7.8
c1(c2nc(no2)C2COCC2)n(nc(c1)c1sccc1)C,-7.4
[C@]12([C@@H](CN(c3c4c(ncn3)[nH]cc4)C1)CN(S(=O)(=O)CC)C2)C(=O)O,-8.3
n1c(scc1CCC(=O)N1CCC(CC1)(c1ccc(cc1)F)O)N,-8.1
N1(C(=O)Cc2c3c(ccc2)cccc3)Cc2c(C(C1)O)cccc2,-8.4
N1([C@H]2CN(C[C@@H](C1)CC2)Cc1ccc(OCC(=O)O)cc1)CC=C(C)C,-7.8
S1(=O)(=O)C[C@@H]2N(C(=O)c3[nH]ccc3)CCN([C@@H]2C1)C(=O)COC,-7.6
N1(C(=S)S/C(=C\c2c(OCc3cc(F)ccc3)cccc2)/C1=O)Cc1cnccc1,-7.6
C(=O)(c1c2c(nc(c1)C)cc(cc2C)C)N1CCC2(CC1)CCC(=O)NCC2,-8.3
S1(=O)(=O)N(C(=O)C(C1)C)c1cc(C(=O)NCC(C)C)ccc1,-7.5
C1(=O)N(CCC1C(=O)NC1CCN(C(=O)OCC)CC1)c1ccccc1,-8.3
C(=O)(Nc1ccccc1)COc1c(CNC(CO)(C)C)cccc1,-7.0
c1(nc(nc(c1)NCCNC(=O)C1CCCC1)C)N1CCCC1,-7.1
S(=O)(=O)(N1CCC(C(=O)Nc2cc(c(cc2)OC)Cl)CC1)c1ccc(cc1)Cl,-8.4
N1(C(=O)N(C2(C1=O)CCN(CC2)CCc1ccccc1)CCc1ccccc1)Cc1ncccc1,-7.8
c1(n2c(ccn2)ccc1)C(=O)N(Cc1nc(no1)c1ccccc1)C,-8.4
n1(c(cc(c1C)C=O)C)c1nccc(c1)C,-6.1
N1(C(=O)S/C(=C/c2ccc(Oc3c([N+](=O)[O-])cc(C(F)(F)F)cc3)cc2)/C1=O)CC(=O)OC,-7.8
N12C(=NC(=O)/C(=C\c3cc(c(cc3)O)OC)/C2=N)SC(=N1)c1ccc(cc1)C,-8.3
C(=O)(N1CCN(c2nccnc2)CC1)c1cc(c2ccc(cc2)O)ccc1,-8.3
c12n(nc(c1)C)CCCN(C2)C(=O)CCc1nc(no1)c1ccccc1,-8.7
c1(cc(C23CC4CC(C3)CC(C2)C4)n[nH]1)C(=O)N/N=C/c1ccc(cc1)OCC,-8.1
N1(C(=S)S/C(=C/c2oc(cc2)Sc2ccc(Cl)cc2)/C1=O)CC(=O)O,-7.8
c1(C#N)c(OCC(=O)C)ccc(c1)OC,-6.2
N1(C(=O)c2ncccc2)C[C@@H]2N(C[C@H](C1)CC2)C/C=C/c1ccc(cc1)OC,-8.6
c1(nc(cc(n1)C)NCCn1nc(cc1C)C)c1c(O)cccc1,-7.2
c12c(n(c(n1)NCC(C)C)Cc1ccccc1)c(=O)n(c(=O)n2C)C,-7.3
S(=O)(=O)(c1c(Cl)cccc1)N1CCN(c2cc(n3nc(cc3C)C)ncn2)CC1,-8.6
N1(C(=O)CC2(C1)CCN(C(=O)C1CN(CC(=O)N)CCC1)CC2)CC(C)C,-8.3
n1c(c2c(c(OC)ccc2)OC)noc1c1cnc(NCC(O)CC)cc1,-7.8
n1(c2nc(nc(c2)NCCNS(=O)(=O)c2ccccc2)C)nc(cc1C)C,-7.9
C1(CN(C(=O)Nc2cc3c(OCO3)cc2)CCC1)(C(=O)OCC)Cc1c(C)cccc1,-8.5
C(=O)(c1sccc1)Nc1cc(NC(=O)c2cc(F)ccc2)ccc1,-7.7
n1c(cc(nc1NCCO)C1COCC1)N1CCC(CC1)N(C)C,-7.7
n1c(nsc1SCC(=O)c1ccccc1)SC,-6.7
n12c(nc(c2)c2ccccc2)ccc(c1)C(=O)NC(c1n(ccn1)C)C(C)C,-7.9
C1(=O)N(CCNC(=O)c2cc(c3c(F)cncc3)ccc2)CCCO1,-8.3
C(=O)(N1CCN(Cc2nnc[nH]2)CC1)c1cc(c2cncnc2)ccc1,-8.9
c1(nc2c(s1)cccc2)NC(=O)CCCC(=O)OCC(C(F)F)(F)F,-7.0
c1(nc2c(c(C(=O)Nc3c(ccc(c3)C)OC)c1C)cccc2)c1c(cc(cc1)Cl)Cl,-7.9
c1(nn2c(c1)nccc2)C(=O)NC(c1cn(nc1)C)[C@H]1C[C@H](C1)O,-8.2
C(C(=O)N(C1CCCCCC1)CCC)C1N(Cc2oc(cc2)C)CCNC1=O,-6.7
c1(c(c(nn(c1=O)C)c1ccccc1)c1ccccc1)C(=O)NCCCN(C)C,-7.2
c1(nnn(c1C)c1cc(OC)ccc1)C(=O)Nc1cc(ccc1)C,-8.2
c1(C(=O)N2CCN(Cc3ccccc3)CC2)c(S(=O)(=O)CCC)cccc1,-8.2
C(=S)(Nc1cc(cc(c1)OC)OC)Nc1cnccc1,-6.9
c1(n2c(nc(c1)CC)ccn2)NC1C(=O)NCCCC1,-7.1
o1c(nnc1SCC(=O)Nc1cc2c(OCCO2)cc1)c1cnccc1,-7.6
c1(n(nc(c1)CC(C)C)CC)C(=O)N1CC2(N(CCC1)C)CCN(CC2)C,-6.6
S(=O)(=O)(N(c1ccc(C(=O)NCCCN2CCCCCC2)cc1)C)CC,-8.0
N1([C@H](C(=O)NCC)C[C@@H](C1)NC(=O)Cc1cc(Cl)ccc1)C1CCCC1,-7.6
C12=C(c3c(NC1c1cc(c(OC(=O)N4CCOCC4)cc1)OCC)ccc1c3cccc1)CC(CC2=O)(C)C,-8.4
c12c(c(n[nH]2)c2cc(c(cc2O)C)C)C(N(C1=O)Cc1ccc(F)cc1)c1ccc(SC)cc1,-9.1
n1c([nH]cc1C)CN(Cc1cnc(c2sccc2)nc1)C,-7.0
c1(C([C@@H]2C[C@@H](C2)O)NC(=O)CN2CCOCC2)c(ccc(c1)F)OC,-7.3
n1(nc(cc1C)C)c1cc(ncn1)NCCNC(=O)c1cc(OC)ccc1,-7.9
N1(C(=O)CCc2c(OC)cccc2)CC(N2C(C)CCCC2)C1,-7.2
c1(c(=O)c2c(oc1)c(c(OCc1ccccc1)cc2)C)c1c(Cl)cccc1,-8.5
N1(C(=O)C(C)(C)C)CC(C(=O)Nc2ncccc2)CCC1,-7.0
n1c(cc(cc1C)CNC(=O)CCc1c(F)cccc1)C,-8.1
C(=O)(c1cnccc1)Nc1cc2c(oc(=O)cc2)cc1,-8.3
S(=O)(=O)(c1cc(C(=O)Nc2noc(c2)C)sc1)N1Cc2c(CC1)cccc2,-9.9
n1c(c(oc1c1ccc(C(=O)OC)cc1)C)CN(C1c2c(CCC1)cccc2)C,-8.1
c1(n(c2c(n1)cccc2)C(C)C)CNC(=O)c1cnncc1,-7.9
n12c(c(c(n2)COC)c2ccc(cc2)Cl)ncc2c1ccn(c2=O)C(C(=O)O)C,-8.1
S1(=O)(=O)CC(CC(=O)N2CCN(c3c(C)cccc3)CCC2)CC1,-8.0
c1(nc(nc(c1)N(C)C)C)N1CCN(C(=O)CCC2CCCCC2)CC1,-7.5
N(C1CCC(CC1)c1ccccc1)(CCN(C)C)CC,-6.4
[N+](=O)(c1cc(NC(=O)c2ccc(cc2)F)ccc1)[O-],-8.2
C(=O)(C1CN(C2CCN(CC2)Cc2ccc(cc2)OCC)CCC1)NC1CC1,-7.6
N1(C(=O)c2cc3c(nc2)CCC3)C[C@@H]([C@@](CC1)(O)C)O,-7.7
c12c(c(nc(n1)c1ncccc1)N(CC(N1CCOCC1)C)C)c(nn2C)C,-7.4
C(=O)(N1CCCC1)Cc1ccc(N2CCC(CC2)NCCc2ccncc2)cc1,-7.7
C(=S)(Nc1ccccc1)NCCNC(=S)Nc1ccccc1,-6.8
N1(C(=O)C=C(C)C)C[C@H]([C@H](C1)CO)CN1CCCCCC1,-6.6
N(=C\c1ccc(cc1)OCC)/NC(=O)Cc1ccccc1,-7.4
c1(c(C(C)(C)C)cc(cc1C(C)(C)C)CN1CCN(Cc2cc3c(OCO3)cc2)CC1)O,-7.2
n12c(nc(cc1NCc1nc(c3c(F)cccc3F)on1)C)ccn2,-9.8
C(=O)(c1cc(c(OC2CCN(CC2)C)cc1)OC)NCCN1C(CO)CCCC1,-7.8
n12c([C@@H]3CN(c4nc(ccn4)CCC(F)(F)F)C[C@@H](C2)C3)cccc1=O,-7.8
n1(nc(cc1C)C)c1cc(ncn1)NCCNC(=O)C,-7.2
[C@]1(N([C@H]([C@H](C1)C(=O)NCCOC)c1cnccc1)C)(C(=O)O)CC(C)C,-6.2
c1(C(=O)OC)cc(NC(=O)CC)cc(c1)CN,-6.5
C(=O)(C1CCN(Cc2ccc(cc2)C)CC1)NCCCC,-7.0
C(=O)(N1CCN(C(=O)c2occc2)CC1)Nc1c(C(=O)OC)cccc1,-8.6
S(=O)(=O)(c1cc(c(cc1)F)F)NCCNc1cc(N2CCCC2)ncn1,-8.4
N1(C(=O)NC(=O)/C(=C/Nc2c(cc(S(=O)(=O)Nc3c(C)cccc3)cc2)OC)/C1=O)c1ccccc1,-8.2
c1(C(=O)N2C[C@H]3[C@@H](n4c(cnn4)CO3)CC2)c(cc(s1)C)OC,-7.4
c1(sc(nc1C)c1ccccc1)C(=O)Nc1ccc(N2CCOCC2)cc1,-6.8
[N+](=O)(c1cc(C(=O)Nc2c(C(=O)N3CCCCCC3)cccc2)ccc1C)[O-],-8.3
c1(c(sc2c1CCC(C2)C)NC(=O)c1sccc1)C(=O)N1CCOCC1,-7.4
N1(C(=O)c2c(C1=O)cccc2)CCCC(=O)Nc1c(F)cccc1,-6.9
S(=O)(=O)(N1CCC(NC(=O)c2ncoc2C)CC1)c1ccccc1,-8.4
n12c(nc(c1)CCC(=O)NCc1c(nccc1)OCC)cccc2,-7.3
C1(=O)C(CC(=O)Nc2cc(Cl)ccc2)SCCN1,-7.5
n1(c(nnc1C1CCN(C(=O)CCn2cnnc2)CC1)CN(C)C)C1CC1,-7.4
c1(nnn(c1)Cc1c(F)cccc1F)C(=O)N(Cc1ccc(cc1)C)C,-8.3
N1(C(=O)c2cc3c(OCCO3)cc2)CC(Nc2ccc(cc2)C(C)C)CCC1,-7.8
N1(C(=O)CC2(C1)CCN(C(=O)CCc1ccncc1)CC2)CC1OCCC1,-8.4
c1(C(=O)N2CC(c3nc(no3)CC(C)C)CCC2)cn(nc1)C(C)C,-8.1
c1(C(=O)Nc2c(C(=O)O)cccc2)cc([N+](=O)[O-])ccc1OC,-8.0
S(=O)(=O)(c1cc2c(CN(C(=O)CN)CC2)cc1)NCc1ccc(Cl)cc1,-8.9
n1c(sc(c1)CN1CC(N2CCN(c3ccc(cc3)OC)CC2)CCC1)C,-7.9
C(=O)(C(=O)NC1CCC(CC1)C)Nc1cc(C(=O)C)ccc1,-7.8
C(=O)(N1CCC(C(=O)Nc2c(ccc(c2)C)OC)CC1)c1ccc(C(C)(C)C)cc1,-7.1
N(C(=S)Nc1c2c(nccc2)ccc1)C(=O)c1oc(cc1)c1cc(c(cc1)Cl)Cl,-8.5
n1c(csc1C)c1cc(NC(=O)N(Cc2n[nH]c(c2)CCC)C)ccc1,-8.4
n1(c(nc(n1)C)c1cc2nccnc2cc1)CC(F)(F)F,-7.0
N1(C(=O)CCC2(C1)CN(c1ncc(C(=O)C)cc1)CCC2)CCOC,-7.6
C(=O)(Nc1c(c2ccc(cc2)OC)cccc1)C1CN(Cc2ncon2)CCC1,-7.3
n1(nc(nn1)c1ccc(cc1)C)CC(=O)N1CC(OC(C1)C)C,-8.8
c12n(c(CC(=O)N3CC4(CN(C(=O)CC4)CC)CCC3)cn1)cccc2C,-8.2
c1([nH]nc(c1)CCC)C(=O)NC1CCN(C2CCS(=O)(=O)CC2)CC1,-8.2
N1(C(=O)COc2ccc(NC(=O)NCCn3cncc3)cc2)CCOCC1,-7.7
c1(C(=O)C(=O)C)c(cc(cc1)OCC)OCC,-6.1
c1([nH]c2c(c1)cccc2)C(=O)NCCN1CCNCC1,-7.7
c1(sc(nn1)C)NC(=O)CCc1ccc(cc1)OC,-7.8
S(=O)(=O)(c1cn(nc1)C)N1C[C@@H]2N(C(=O)[C@H](C1)CC2)Cc1ncccc1,-9.3
[C@@H]1([C@H]([C@@H]2[C@H]1CCO2)COC)NC(=O)C(Oc1cc2c(cc1)CCC2)(C)C,-8.7
c1(nc(cc(n1)C)C)SCC(=O)N/N=C/c1cc(c(cc1)OCC=C)OCC,-6.4
c1(c([N+](=O)[O-])cc(c(c1)OC)OC)C(=O)Nc1cc(c(cc1C)C(C#N)c1ccc(cc1)Cl)Cl,-7.6
C(C1N(C)CCCC1)C(=O)NCCCc1ncc[nH]1,-6.4
S(=O)(=O)(c1cc(NC(=O)c2sccc2)c(cc1)OC)N(CC)CC,-7.2
C1(=O)N(CC2(O1)CCN(C(=O)CCc1cnccc1)CC2)CC(CC)CC,-7.2
S(=O)(=O)(N1CCOCC1)c1ccc(NC(=O)CN(S(=O)(=O)C)c2cc(C(=O)C)ccc2)cc1,-8.1
C1(=C(NC(=C(C1c1c(OC)cccc1)C(=O)OCC)C)C)C(=O)OCC,-6.7
S1(=O)(=O)N(C(CC(N1)c1ccc(cc1)F)C(=O)NCC)C,-6.9
n1(ncc(c1)CCNC(=O)CN(Cc1ccncc1)C)c1ccccc1,-7.0
C(=O)(N1C(c2noc(c2)C)CCC1)c1c(n2cnnc2)cccc1,-8.2
N1(C(=O)CCC2(C1)CN(C(=O)CSC)CCC2)CCc1nc[nH]c1,-6.8
c1(C(=O)N2CC(Nc3ccc(F)cc3)CCC2)cc(n[nH]1)C(C)C,-8.1
o1c(ccc1C)/C=N/c1ccc(cc1)O,-6.4
C(=O)(N1CCCC1)c1ccc(COc2cc3c(cc2)cccc3)cc1,-9.0
N1(C(=S)S/C(=C/c2c(Cl)cccc2Cl)/C1=O)c1ccc(cc1)F,-7.0
C(=O)(N1CC([C@](CC1)(O)COC)(C)C)c1c(OC(C(F)F)(F)F)cccc1,-7.2
S(=O)(=O)(N1C[C@@H]2N(C(=O)c3cnccc3)C[C@H](C1)CC2)N(C)C,-7.8
c1(n(nnn1)C)SCCNCc1cc(c(c(c1)OC)OCC)Cl.Cl,-6.2
c1(nc(C(=O)Oc2c(c(ccc2)C)C)c(cn1)Cl)S(=O)(=O)C,-7.9
n1c(c2cc(C(=O)O)ccc2)ccc(CN2CCOCC2)c1,-7.9
c1(sc2c(c1Cl)ccc(c2)Cl)C(=O)Nc1ncc(Cl)cc1,-7.4
N1([C@H](C(=O)NCc2c(cc(cc2)Cl)Cl)C[C@@H](C1)N)C,-6.4
[N+](=O)(c1ccc(C(=O)/C=C(/C(=O)OC)\Nc2ccc(cc2)OC)cc1)[O-],-8.1
N1(C(=O)S/C(=C/c2cc([N+](=O)[O-])c(cc2)OC)/C1=O)CC(=O)N1CCN(CC1)c1ccccc1,-7.2
[N+](=O)(c1ccc(COc2c(/C=N/O)cccc2)cc1)[O-],-7.8
S(=O)(=O)(Nc1cc(F)ccc1)c1ccc(NC(=O)C)cc1,-8.3
S(=O)(=O)(N(C(C(=O)NCc1cnccc1)C)c1cc(c(cc1)OC)Cl)C,-7.9
S(=O)(=O)(c1cc(C(=O)Nc2ccc(S(=O)(=O)N(CC)CC)cc2)ccc1C)Nc1ccccc1,-7.7
c12c(nc3n1cc(n3c1ccc(cc1)O)C)n(c(=O)n(c2=O)C)C,-7.8
n12c(nnc1CCCCC2)C1CCN(Cc2cnc(N(C)C)cc2)CC1,-7.8
c1([nH]c2c(c1)cccc2)C(=O)N1CCN(C(=O)c2sccc2)CC1,-7.8
C(=NNc1ccccc1)(C(=O)Nc1ccccc1)C(=O)Nc1ccccc1,-7.6
c1(nc(on1)CNC(=O)[C@@H]1C[C@@H](C(=O)N2CCOCC2)CNC1)c1ncccn1,-8.3
S(=O)(=O)(c1cc(sc1)C(=O)NCc1ccccc1)N1CCCC1,-7.5
N(C(=O)c1cnc(nc1)NCC)(Cc1c(OCC)cccc1)C1CC1,-7.1
c12c(c(oc2C)C)c(=O)cc(cc1O)c1ccc(cc1)OCCC,-7.3
n1(c(ncc1)CC)CCCNC(=O)c1cc(c2c(F)cncc2)ccc1,-8.3
n1nn(c(n1)C)CCC(=O)N1CCN(CC1)CCN1CCOCC1,-7.3
n12c(sc(n2)/C=C/c2ccccc2)nnc1c1c(OC)cccc1,-7.9
c1(nc(sc1)C)C(=O)N1CC2(CN(CCc3ccccc3)CCC2)CC1,-8.9
N1(CCCNC(=O)CCc2ccc(cc2)CC)CCCC1,-6.7
n12c(cc(n1)CNC(=O)c1cc(N(C)C)ccc1)CN(CC2)CC(C)C,-7.7
n1c(csc1)CN1C[C@H]([C@H](NC(=O)CCc2c(OC)cccc2)CC1)O,-7.1
n1n(CC(=O)NC(c2cnccc2)CCCC)ccn1,-6.8
C(=O)(N1CCN(CC(=O)N)CC1)c1cc(c2sccc2)ccc1,-7.6
n1c(N2CCN(C(=O)Nc3cc(c(cc3)C)Cl)CC2)cc(nc1NCC)C,-7.6
N1(C[C@H]([C@H](C1)CO)CN(CC)C)C1CCN(c2cc(c(cc2)F)F)CC1,-7.2
S(=O)(=O)(n1c(ncc1)C)c1cc(c(cc1OC)C)C,-7.0
c1(C(=O)N/N=C/c2ccc(cc2)OC)c(cn[nH]1)I,-6.8
c1(c([nH]c2c1cccc2)C)C(=O)CSc1nc2c(s1)cccc2,-7.6
S(=O)(=O)(N(CC(=O)Nc1ccc(Cl)cc1)c1cc([N+](=O)[O-])ccc1)c1ccc(cc1)C,-9.9
c12c(OCO2)cc(cc1OC)CN1C[C@@H]([C@H](N2CCOCC2)CC1)CCC(=O)OC,-7.1
[N+](=O)(c1cc(C(=O)Nc2c(c(Cl)ccc2)C)ccc1OCC)[O-],-7.8
C(=O)(Nc1c(CC)cccc1)c1cc(C(=O)Nc2c(CC)cccc2)ccc1,-8.1
c1(C(=O)NC([C@@H]2C[C@H](C2)O)C2CCNCC2)[nH]c(cc(=O)c1)C,-7.1
C(=O)(NC1CCCCC1)c1cc(OCc2ccccc2)ccc1,-7.9
C12(NC(=O)CCSCCC(=O)NC34CC5CC(C4)CC(C3)C5)CC3CC(C1)CC(C2)C3,-7.6
N(C(=S)Nc1c2c(ccc1)cccc2)C(=O)c1cc(OCCCC)ccc1,-7.5
C(=O)(N1CCC(C(=O)NC(Cn2nccc2)C)CC1)c1cc(OC)ccc1,-7.4
c12nc(sc1CCCC2NC(=O)CCNC(=O)c1c(F)cccc1)C,-7.2
n1(nc(cc1C)C)c1ccc(C(=O)N2CCC(c3nc(ncc3)C)CC2)cc1,-8.0
N1(C(CN(Cc2cc(OCC)ccc2)CC1)CCO)Cc1cc(cc(c1)OC)OC,-7.3
n1(c(nnc1CC)S)/N=C/c1c(OCc2ccc(Cl)cc2)cccc1,-7.1
c1(sc2c(c1)CC(CC2)C)C(=O)NCC1OCCC1,-7.2
S(=O)(=O)(c1cc(c(cc1C)OCCC)C)NC(c1ccccc1)C,-7.9
c1(nc2n(n1)C(C=C(N2)c1ccc(cc1)Cl)c1ccccc1)N1C(=O)CCC1=O,-8.2
C12(C(=O)Nc3c(N1)cccc3)CCN(C(=O)c1cc(ncc1)OC)CC2,-8.9
n1c(noc1CN1CC(CN(C(=O)CNC)CC1)O)C1CC1,-7.2
C(=O)(c1sccc1)Nc1cc(C#N)ccc1,-7.1
S(=O)(=O)(c1ccc(OCC(=O)Nc2c(c(ccc2)C)C)cc1)N(C)C,-7.8
c1(c(n2cccc2)cccc1NC(=O)NC1CCN(C(=O)OCC)CC1)C,-8.6
c1(C(F)(F)F)c(ccc(c1)NC(=O)CSc1ccc(Cl)cc1)Cl,-7.1
c1(oc(cc1)C)c1ccc(CN2C[C@H]([C@@](CC2)(CCOC)O)C)cc1,-7.8
C(=O)(Nc1cc(NC(=O)c2occc2)ccc1)C(c1ccccc1)c1ccccc1,-8.3
C1(=C(C(=O)N(C1c1ccc(cc1)OC)CCN1CCOCC1)O)C(=O)c1occc1,-8.6
c1(c(=O)[nH]c(cc1)C(C)C)C(=O)N1CCC2(CN(C(=O)CC2)CCO)CC1,-8.2
c1(c2c(nc(n1)C)scc2)N1CCC(NCC2CS(=O)(=O)CC2)CC1,-7.1
c1(ncc(CN2CC(OCC2)CC)cn1)c1ccc(cc1)OC,-7.2
C(=O)(N1CCC(C(=O)OC)CC1)c1ccc(OC2CCN(Cc3ncccc3)CC2)cc1,-7.4
N1(C(=O)CCC1=O)OCCCOc1cc(c([N+](=O)[O-])cc1)C,-7.4
N1(C(C(=O)NCC1)CC(=O)Nc1cc2c(OCCO2)cc1)C(=O)c1ccccc1,-8.6
C(=O)(Nc1c(F)cccc1)NC1C(C)CCCC1,-6.9
C1(C(=O)N)(NC(=O)CC(c2ccc(cc2)F)c2ccccc2)CCCCCC1,-8.6
n1c(nn(c1C)C)c1cc(C(=O)NCc2c(nns2)C(C)C)ccc1,-8.8
n1(c(nc2c1cccc2)COc1ccc(cc1)OC)Cc1c(F)cccc1,-7.4
C(=O)(Nc1ccc(cc1)CCCC)COc1cc(cc(c1)C)C,-7.3
C1(=O)N(CC2(O1)CN(C(=O)CCCc1ccc(cc1)OC)CCC2)C,-7.6
c1(c(cc(C(=O)NCc2ccccc2)cc1Cl)Cl)OC,-7.8
S(=O)(=O)(c1cc(F)ccc1)NCCC(=O)O,-6.5
C(=O)(c1c(I)cccc1)NC(CC)CC,-5.7
S(=O)(=O)(Nc1nc(nc(c1)C)C)c1ccc(NC(=O)c2oc3c(c2C)ccc(c3)C)cc1,-8.2
c1(cc(c(=O)[nH]c1)Cl)C(=O)NCc1c(Oc2c(cc(cc2)F)F)nccc1,-8.2
c1(c(snc1C(Cl)(Cl)Cl)N1CCCCC1)Cl,-6.2
S(=O)(=O)(N1CCN(c2c(c(ccc2)C)C)CC1)c1cc(c(cc1)F)OCC,-7.7
N1([C@H]2[C@@H]([C@@H](C1)c1ccc(cc1)OC)N1CCC2CC1)C(=O)CO,-7.1
c1(C(=O)N(Cc2c(Cl)cccc2)C2CC2)cc(n[nH]1)c1cc(OC)ccc1,-7.4
S(=O)(=O)(c1cc(ccc1OC)F)Nc1ncc(Cl)cc1,-7.6
S(=O)(=O)(N1CCN(CC(=O)Nc2cc(ccc2Cl)Cl)CC1)N1CCCCCC1,-7.6
c1(nc2c(c(=O)o1)cccc2)c1cc(NC(=O)C2OCCC2)ccc1,-8.6
C(=O)(c1sccc1)Nc1cc(OCCC)ccc1,-6.7
n1(nc(cc1C)C)c1ccc(C(=O)NCC(=O)C(C)(C)C)cc1,-8.5
c1c(C2CC(C2)N)ncnc1NC[C@@H]1CC[C@@H](C(=O)NC)CC1,-7.8
N1(C(=O)C2C(C1=O)C1OC2(C=C1)C)c1cc(c(cc1)F)Cl,-7.9
C\1(=C/C(=O)OC)/Nc2c(NC1=O)ccc([N+](=O)[O-])c2,-7.4
N1(CC(CC1)N(C)C)CC(=O)NCCCc1ncccc1,-6.6
S(=O)(=O)(c1cc(NC(=O)C)c(cc1)OCC)Nc1ccc(cc1)CCCC,-7.7
n1(c(nnc1C1CCN(C(=O)CCN)CC1)CN1CCCC1)C1CC1,-7.1
n1(c(cc(n1)CC(=O)OC)O)c1c(Cl)cccc1,-6.7
n1(c(nnc1SCC(=O)Nc1c(cc(cc1)Cl)C)c1cc(cc(c1)OC)OC)c1ccccc1,-7.9
c1(c(=O)n2c(nc1NCCOC)cccc2)/C=C\1/C(=O)N(C(=S)S1)C,-7.1
c1(=O)c(c(c2c(o1)cc(OCC(=O)Nc1ccc(C(=O)OCC)cc1)cc2)C)CC,-7.9
S(=O)(=O)(c1cc(C(=O)Nc2c(C)cccc2)c(cc1)Cl)Oc1ccc([N+](=O)[O-])cc1,-9.2
C(=O)(c1occc1)Nc1cc(NC(=O)COc2cc(ccc2)C)ccc1,-8.2
S(=O)(=O)(c1ccc(cc1)Cl)NCCNC(=O)c1c(c2ncn[nH]2)cccc1,-8.9
c1(n(nnn1)C)SCCNC(=O)Cc1nc(sc1C)C,-6.8
N1(C(=O)c2c(C(=O)C)cccc2)C(c2c(c3c([nH]2)cccc3)CC1)c1ncccc1,-7.8
N1(C(=O)c2ccncc2)[C@H](C(=O)NCC)C[C@H](C1)NC(=O)CC(F)(F)F,-7.6
c1(C2CN(C(=O)CN3C(=O)CCC3)CCC2)n(ccn1)CCCC,-6.5
C1(c2c(NC(C1C)CC)ccc(c2)C)Nc1ccc(cc1)C,-7.0
c12n(nc(c1)CNC(=O)[C@@H](C1CCCCC1)O)CCCN(C2)CC(C)C,-7.5
c1(n(cnn1)C1CCCCC1)Cn1nnc(c1)c1cc(n2nccc2)ccc1,-9.5
n1n(c(c(c1C)CCNC(=O)C1CN(C(=O)COC)CCC1)C)CC,-7.7
N1=C(OC(=O)/C/1=C\c1cc(OCCCC)ccc1)c1ccccc1,-8.0
S1(=O)(=O)CCC(N2CCC(NC(=O)c3cc(=O)cc(o3)C)CC2)CC1,-8.2
C(=O)(C1CN(C2CCN(CC2)Cc2ccccc2)CCC1)N1CCC(CC1)CO,-7.4
c1(c(cc2n1cccc2)c1ccccc1)C(=O)C(=O)NC(C)(C)C,-7.0
N1(C(=O)CCC(=O)N2CCN(c3ncccc3)CC2)CC(OCC1)c1ccccc1,-8.7
C(=O)(c1c(c2nc[nH]n2)cccc1)N1CCC(CC1)CSC,-6.5
N1(C(=S)S/C(=C\c2c(ccc(c2)Cl)OCCOc2cc(cc(c2)C)C)/C1=O)CC=C,-7.5
c1(nc(c(o1)C)CN1CCCOCC1)c1c(c(c(cc1)OC)C)OC,-7.1
c1(c2c(CNCC2)ccc1)c1c(ccnc1)C,-6.6
S(=O)(=O)(c1cc(c(cc1OC)C)C(C)C)NC,-6.8
[N+](=O)(c1c(cc(N2CCN(C(=O)CC34CC5CC(C3)CC(C4)C5)CC2)cc1)NCC(C)C)[O-],-7.8
c1(nc(oc1)COc1cc(F)ccc1)C(=O)N1CCCCCC1,-7.7
C(=O)(Nc1c(C(CC)C)cccc1)c1ccncc1,-7.3
N1(Cc2c(c3ccccc3)cccc2)C(CCNC(=O)C)CCCC1,-6.6
c1(n(ccn1)CC1CCC1)C1CN(C(=O)CCC(=O)c2ccccc2)CCC1,-7.0
c1(c(c(c(s1)C(=O)OC)C)C#N)NC(=O)c1cc(nc2c1cccc2)c1c(cc(cc1)C)C,-7.9
C12(C(=O)N(CCC2)CCOC)CN(C(=O)c2c(cc(cc2)Cl)F)CC1,-7.4
N1(C(CCC(=O)N(CCc2ncccc2)C)CCCC1)C,-7.1
c12C(=O)c3c(C(=O)c1cccc2NC(=O)C1CC1)cccc3,-7.9
N1(C(=S)S/C(=C/c2c3c(c(cc2)OC)cccc3)/C1=O)CC(=O)O,-7.4
C(=O)(Nc1cc2c(cc1)cccc2)CCCc1ccc(cc1)OC,-8.2
n1(nc(c(cc1=O)C)C)CC(=O)Nc1cc(OC)ccc1,-7.7
N1(c2c(nccn2)OC)CC2(N(CC1)C)CCN(C(=O)CC2)CC=C,-6.5
c12n(nnn1)ccc(c2)C(=O)NCCCn1cncc1,-7.4
c12ncccc2cccc1OCCCCOc1cc(c(cc1)C)C,-6.7
C(=O)(c1c(c(ccc1F)F)F)NC([C@H]1C[C@H](C1)O)c1cc2c(OCC2)cc1,-8.3
N1(C(=O)Cc2c(ccc(c2)C)C)C[C@H]([C@@H](N2CCN(CC2)C)CC1)CCC(=O)O,-7.9
N1(C(=O)c2cnc(nc2)c2cnccc2)C[C@@H]2N(CC3CC3)C[C@H](C1)CC2,-8.5
c12c(c(cc(=O)n1CCN(C(=O)C#Cc1ccccc1)CC2)OCCc1sccc1)C(=O)OC,-8.1
S(=O)(=O)(NC(C(=O)Nc1cc(C(=O)C)ccc1)C)c1ccc(cc1)C,-7.8
N1(C(=O)CC(C1)C(=O)NCCc1nc2c(s1)CCC2)c1cc(F)ccc1,-7.3
C(=O)(c1cc(c(cc1)OC)OC)O/N=C(/Cc1sccc1)\N,-7.6
C(c1c(NC(=S)Nc2ccc(C(=O)N3CCCCC3)cc2)cccc1)(F)(F)F,-8.4
C(=C\c1sccc1)(\C(=O)N1CCCCCC1)/NC(=O)c1sccc1,-7.0
n1c2c([nH]c1c1ccccc1)CCN(C(=O)c1c(C(=O)C)cccc1)C2,-8.6
N1(C(=O)CCN(Cc2c(n(nc2)C)C)CC1C(C)C)Cc1ccc(F)cc1,-7.4
S(=O)(=O)(N/N=C/c1cc(c(OCc2c(F)cccc2)cc1)OC)c1ccc(cc1)C,-8.0
[nH]1c(nc(cc1=O)C)NCCNC(=O)Cc1c(OC)cccc1,-7.4
c1(nc(c(o1)C)CN(C(c1nocc1)C)C)c1c(cc(cc1)F)F,-8.3
C1(=C(C(=O)N(C1c1c(cc(cc1)OC)OC)CCCN1CCOCC1)O)C(=O)c1ccccc1,-8.7
S(=O)(=O)(N(c1c(c(Cl)ccc1)Cl)CC(=O)NCCSC(C)(C)C)c1ccccc1,-7.5
n1(c(nn(c1=O)C)C1CCN(C(=O)c2cnc(nc2)C)CC1)c1ccccc1,-8.8
N1([C@H]2[C@H](CN(C(=O)COCc3ccccc3)CC2)CCC1=O)CCCC,-7.0
S(=O)(=O)(c1ccc(CNc2ncnc(c2)COC)cc1)N,-7.3
n1c(N2C[C@H]3C(=O)N([C@@H](C2)CC3)Cc2ncccc2)ncc(c1N1CCCC1)F,-8.3
C(=O)(c1occc1)N/N=C/c1ccc(Cl)cc1,-7.5
S1C(=N/C(=C\c2cc3c(c(c2)OC)OCO3)/C1=O)SCc1ccccc1,-8.4
n1c(oc2c1nccc2)c1cc(NC(=O)CCC)ccc1,-7.4
N(c1c(cc(cc1)I)F)C(=O)CC,-6.2
n1n2c(cc1C(O)CO)CN(C(=O)c1cnc(nc1)C1CC1)CCC2,-7.9
N1(C(CN(C(=O)CCCNC(=O)C)CCC1=O)C(C)C)CC1CC1,-6.5
c1(nc2c(n1CCCCOc1ccccc1)cccc2)CCNC(=O)C,-7.5
C(=O)(NC1CCN(Cc2ccccc2)CC1)Cc1ccc(c2ccccc2)cc1,-7.8
n12c(nc(c2)c2ccccc2)scc1C(=O)NCCc1n(cnn1)C(C)C,-7.5
S(=O)(=O)(N(CC(=O)Nc1cc(c(cc1)C)Cl)c1ccc([N+](=O)[O-])cc1)c1ccccc1,-10.0
c12c(c3c(n1CC)cccc3)nnc(n2)N/N=C/c1ccc(N(C)C)cc1,-8.0
n1c([nH]c2c1cc(cc2)OC)CCN(C(=O)c1ccc(N2CCCC2)cc1)C,-7.8
c1(n(c2c(n1)cccc2)C1CCNCC1)COc1ccc(cc1)C,-8.1
c1(nc(nc(n1)CN1CCN(CC1)CC)N)Nc1c(cc(cc1)C)C,-7.7
c1(nc(cs1)c1ccc(cc1)CC)NC(=O)c1c(OC)cccc1,-7.0
c12c3c(sc1nc(nc2SCCc1ccccc1)SC)COC(C3)(C)C,-7.8
C1(=C(N(C(=O)NC1c1cscc1)C)C)C(=O)OCCc1ccccc1,-8.0
C(=O)(c1ccc(NC(=O)CCCOc2cc(ccc2)C)cc1)OCCCC,-6.7
c1(c(=O)oc2c(c1)cccc2)C(=O)Nc1cc(c(NC(=O)CCC)cc1)OC,-8.9
n1(c(nnc1C1CCN(Cc2cscc2)CC1)Cn1c(ncc1)C)CC,-7.7
C(=O)(N1CCC(C(=O)NC(C)(C)C)CC1)c1cc(F)ccc1,-6.8
C1(C(=O)Nc2c(OCC)cccc2)CN(C(=O)C1)CCCC,-7.3
N1(c2cc(Cl)ccc2)CCN(CC(=O)Nc2c(cc(cc2)OC)OC)CC1,-7.8
S(=O)(=O)(N1CCN(CC1)Cc1ccccc1)c1ccc(NC(=O)OCC)cc1,-7.5
c1(C(=O)N(Cc2c(onc2C)C)C)scc2c1CCCC2,-6.8
c12c(nc(nc1sc1c2CCCC1)C)N1CCOCC1.C(=O)(C(=O)O)O,-7.2
N1(C(CN(CC1)CCOc1ccc(F)cc1)CCO)CC1CCCCC1,-7.4
C(=S)(NC(=O)CCCCC)Nc1ccc(N2CCN(C(=O)C(C)C)CC2)cc1,-6.5
c12nc(cn1cccn2)CNC(=O)[C@H]1N(C2CCN(CC2)C)CCC1,-8.1
n12c(nc(n2)C2CCCCC2)ncc2c1ccn(c2=O)c1cc(ccc1OC)Cl,-8.5
C(C(=O)Nc1cc(c(N2CCOCC2)cc1)Cl)(Cl)(Cl)Cl,-6.8
C(=O)(CC(c1cc(Cl)ccc1)c1ccccc1)N(CCC(=O)NC)C,-6.9
S(=O)(=O)(N1C(c2c(onc2C)C)CCC1)c1c(NC(=O)C)ccc(c1)C,-7.7
C(=O)(NC(c1ccc(cc1)C(C)C)CC)c1cnccc1,-7.9
c1(nc(sc1)c1sccc1)C(=O)N(C(c1nocc1)C)C,-6.9
C(=O)(c1occc1)NCC(=O)Nc1ccc(cc1)C,-7.5
n1(nc2c(n1)cc(c(c2)NC(=O)c1ccc(cc1)Cl)C)c1ccc(cc1)OCC,-8.2
N1(C(=O)Cn2c(=O)cccc2)C[C@@H]([C@H](C1)N)c1ccccc1,-7.9
c1(C(=O)N2CCN(C3CCCC3)CCC2)oc(cc1)Cl,-7.4
N1(C(C(=O)NCC1)CC(=O)NCc1cocc1)Cc1cc(Oc2ccccc2)ccc1,-7.7
c12n(c3c(n1)n(c(=O)[nH]c3=O)C)c(c(n2CCCn1cncc1)C)C,-7.2
[C@]12([C@@H](CN(C1)Cc1c(cc(cc1)Cl)F)CN(C2)CCOC)C(=O)O,-7.8
n1c(noc1CN(C(=O)Cc1ccc(c2ccccc2)cc1)C(C)C)c1ccc(cc1)Cl,-8.2
S(=O)(=O)(c1c(cc(cc1C)C)C)NCc1nc(no1)c1ccc(cc1)C,-8.4
N1(c2cc(C3CC3)ncn2)C[C@@H]([C@H](C1)CCC)NC(=O)CNC(=O)N,-7.6
c1(C(=O)N[C@H]2[C@H](Oc3ncccc3)COCC2)ncoc1CC,-6.8
c1(c(c2oc3c(c2)cccc3)nn(c1)Cc1ccccc1)CN(Cc1onc(c1)C)C,-8.8
c1(oc(C(=O)Nc2c3c(nccc3)ccc2)cc1)c1c(cc(cc1)Cl)Cl,-8.3
S(=O)(=O)(N1C[C@H](C[C@H](C1)CO)CN(C)C)c1cc(C(=O)O)ccc1,-8.3
n1(c(nnn1)SCc1ccc(C(C)(C)C)cc1)C1CCCCC1,-7.2
N1(C(=O)CCCn2cncc2)CC(Oc2c(cccc2C)C)C1,-6.7
c12n(c(cc(n2)c2ccc(cc2)C)C(F)F)ncc1C(=O)N1CCC2(CC1)OCCO2,-8.5
n1(nnnc1)c1ccc(C(=O)N2CCN(c3cc(Cl)ccc3)CC2)cc1,-8.4
C1(=C(NC(=O)NC1c1c(ccc(c1)OC)OC)C)C(=O)OCC(F)(F)F,-7.5
C1(OC(=O)c2c(C1)cccc2)(C(=O)Nc1c(OCC)cccc1)C,-7.6
C(=O)(Nc1c(cc(cc1)C)C)C(Oc1cc(cc(c1)C)C)C,-7.8
C12(C(=O)N(C3CCCCC3)CCC2)CN(C(=O)C2CCCC2)CC1,-7.2
n12c(sc(c2C)C)ncc(c1=O)C(=O)NC(C)C,-6.3
N1(C(=O)C2C3(c4c(C(C2C1=O)c1c3cccc1)cccc4)CO)c1c(CC)cccc1,-9.0
n1c(onc1COC)CC1CN(C(=O)C2CCN(CC2)CC)CCO1,-7.3
S(=O)(=O)(N1Cc2n(nc(c2)CNC(=O)C2c3c(CC2)cccc3)CCC1)C,-8.4
c1(n[nH]c(=O)c2c1cccc2)C(=O)N[C@H]1[C@H]([C@@H]2[C@H]1CCO2)COC,-7.4
c1(c(n(nc1)CC)C)CN1CCN(C(=S)Nc2ccc(cc2)C(CC)C)CC1,-7.1
n12c(nc(cc1=O)CN1Cc3c([nH]nc3CC)CC1)scc2,-7.4
S(=O)(=O)(N(CC(=O)Nc1ccc(NC(=O)C)cc1)C)c1cc2c(cc1)cccc2,-7.9
n1[nH]c(c(c1C)CCNC(=O)C(Oc1cc2c(cc1)cccc2)C)C,-8.9
S1(=O)(=O)CC(NC(=O)/C=C/c2ccc(C(C)(C)C)cc2)CC1,-7.9
c1(=O)n(cnc2c1cccc2)CCCCOc1cc(c(cc1)Cl)CC,-6.5
n1c(onc1COC)CN1CC(C(=O)Cc2ccccc2)CCC1,-8.5
S(=O)(=O)(N(C(C(=O)Nc1c(C(=O)NC(CC)C)cccc1)C)c1ccc(cc1)C)C,-7.3
n1(c(nnc1CSc1nc2c(s1)cccc2)SCC(=O)Nc1c(C(=O)[O-])cccc1)CC=C.[K+],-6.5
c12c(n(c(n1)N1CCC(Cc3ccccc3)CC1)CCOCC)c(=O)[nH]c(=O)n2C,-8.0
C(=O)(C1CCN(CCC(=O)Nc2cc(OC)ccc2)CC1)OCC,-7.2
C(c1c(OC)cccc1)(CCN(C(=O)CC)Cc1ccc(cc1)OC)c1ccc(OC(C)C)cc1,-6.9
n1c(cc(nc1N)c1cc(cc(c1)F)F)N1CCOCC1,-8.8
C(=O)(Nc1cc(c(cc1OC)OC)Cl)c1sccc1,-6.9
c1(c(c(c(cc1C)OC)C)C)CN1CCN(CC1)CCCN(C)C,-6.0
n1c(noc1CNC(=O)COc1ccc(C(C)(C)C)cc1)c1ccccc1,-8.0
C(=O)(N1CCN(Cc2occc2)CC1)c1cc(c2cc(ncn2)O)ccc1,-8.5
n1c(N2CCN(C(=O)c3cc(OC)ccc3)CC2)nccc1N1CC(CC1)O,-7.8
n1n(cc(n1)CN(C(=O)NCC1CCCCC1)C)[C@@H]1C[C@H](NC1)C(=O)NC,-7.9
c12c(c(=O)n(c(=O)n2C)C)n(c(n1)SCC=C)CC=C,-6.7
c1(C(=O)N2CCCCCCC2)n(ncc1)CCO,-6.6
S(=O)(=O)(N1CCOCC1)c1ccc(C(=O)Nc2c3C(=O)c4c(C(=O)c3ccc2)cccc4)cc1,-8.9
c1(CC(=O)NCc2cnccc2)c(ccc(c1)C)C,-7.5
S(=O)(=O)(c1ccc(N/N=C/c2cc(c(cc2)O)OC)cc1)[O-].[K+],-8.2
C(=O)(c1c(c(OC)ccc1)OCCCN)N1CC(c2ncncc2)CCC1,-6.5
N1(C(=S)S/C(=C\c2ccc(cc2)O)/C1=O)CCOC,-7.2
n1n(cc(n1)CN1CCNCC1)C1CCN(C(=O)NCc2ccc(F)cc2)CC1,-8.0
N1(C2Cc3c(C2)cccc3)CC(NCc2cnc(c3c(OC)cccc3)nc2)CCC1,-11.6
c1(CC(=O)NCCN2CCOCC2)c(Cl)cccc1Cl,-6.3
c1(sc(c(c1)C)c1ccccc1)C(=O)N1CC(=O)N(CC1)C1CCCC1,-10.2
C1(=Cc2c([N+](=O)[O-])cccc2)C(=O)N(C(=O)N(C1=O)C)C,-7.5
S(=O)(=O)(c1c(OC(F)(F)F)cccc1)N(Cc1ncccc1)Cc1cc(OCCN2CCOCC2)ccc1,-7.2
c1(nnn(c1)Cc1c2c(ccc1)cccc2)C(=O)N1CCN(C2CS(=O)(=O)CC2)CC1,-9.0
S(=O)(=O)(N1CCC(C(=O)OCC)CC1)c1ccccc1,-7.6
C\1(=N\c2ccc(I)cc2)/N(C(=O)CC(S1)C(=O)NCCc1ccccc1)C,-7.9
n1(c(ncc1)C1CCN(C(=O)CSCCC)CC1)Cc1cnccc1,-6.5
N1(C[C@H]([C@H](C1)CO)CN1C[C@@H](O[C@@H](C1)C)C)Cc1ccc(cc1)OCC,-7.3
C(=O)(NCCSCc1cc(Cl)ccc1)COc1ccc(cc1)OC,-6.2
N1(C(=O)CCC)CCC(C(=O)Nc2cnccc2)CC1,-6.9
C1(=C(NC2=C(C1c1c(c(Cl)ccc1)Cl)C(=O)CC(C2)c1ccc(cc1)OC)C)C(=O)OCCC,-7.4
o1c(nnc1COc1c(cc(cc1)Cl)Cl)SCC(=O)Nc1c(cccc1C)C,-7.7
C(=O)(N1C(CCn2nccc2)CCCC1)NCc1cocc1,-6.7
c1(nc(cc(n1)C)C)SCC(=O)N/N=C/c1ccc(cc1)OCC=C,-7.4
N1(Cc2cc(OCC(CN3CCCCC3)O)c(cc2)OC)CCC(CC1)C,-7.1
S(=O)(=O)(c1ccc(NC(=O)c2c(OCC(C)C)cccc2)cc1)N,-7.3
N1(C(=O)S/C(=C\c2c(c(cc(c2)Cl)Cl)O)/C1=O)c1ccccc1,-8.5
N1(C2CCOCC2)CCC(CC1)CCC(=O)NCC1N(CCC1)CC,-7.2
n1c(sc2c1cc(C(=O)NC([C@@H]1C[C@H](C1)O)c1ncccc1)cc2)C,-8.1
c1(c(oc2c1cc(OCc1cc([N+](=O)[O-])ccc1)cc2)C)C(=O)OCC,-8.6
N1(C(=O)COC)C[C@H]([C@H](NC(=O)CCc2cc(no2)Cl)CC1)O,-7.1
c1(C(=O)N(C2CCCCC2)CCSCC)cc(n[nH]1)c1ccc(cc1)O,-7.4
c1(c(NC(=O)c2c[nH+]ccc2)cccc1)C(=O)OC.[Cl-],-7.4
n1(c(ncc1)c1ccc(C#CC(O)(C)C)cc1)c1cnc(cc1)OC,-6.8
c1(cc(=O)[nH]c(=O)[nH]1)C(=O)N1CC(c2cc(C(=O)O)ccc2)CCC1,-8.6
c1([N+](=O)[O-])c(N2CCN(C(=O)c3ccc(cc3)OCCC)CC2)ccc(c1)OC,-7.4
C(=O)(Nc1cc(NC(=O)C)ccc1OC)N(CCN1CCCCCC1)CC,-7.4
c1(c2c(nc(c1)C)c(ccc2)C)C(=O)NCCCn1cncc1,-7.0
c1(nc(c(o1)C)CN(CC1CC1)CC1OCCC1)c1cocc1,-6.7
S(=O)(=O)(N(CC(=O)Nc1c(C(=O)NCCOC)cccc1)c1ccc(cc1)F)c1ccc(cc1)OC,-8.0
S(=O)(=O)(c1ccc(NC(=O)Cc2sccc2)cc1)N(C)C,-7.1
N1(C(=O)COC(C1)CNc1nc(ccn1)OC)CC1CCN(CC2CC2)CC1,-8.0
S(=O)(=O)(N1CCN(CC1)CCc1ccncc1)c1ccc(C(=O)OCC)cc1,-8.1
N(C(=O)CCCc1cc(c(cc1)OCC)C)(C1CCN(CC1)C)C,-6.8
C12(C(=O)N(Cc3c(c(F)ccc3)F)CCC2)CN(C(=O)CCCN)CC1,-7.6
C1(CC1)(C(=O)NCc1cc(no1)c1c(Cl)cccc1)c1c(F)cccc1,-8.7
C(=O)(N[C@H]1[C@H](OCCO)COCC1)CN1CCC(CC1)c1ccccc1,-8.4
C(=O)(N1C(CCN2CCCC2)CCCC1)c1cc2c(occ2)cc1,-8.5
S(=O)(=O)(N1c2c(CCC1)cccc2)c1cc([N+](=O)[O-])ccc1,-8.1
c1(C(=O)N2CCN(Cc3ccc(F)cc3)CCC2)cn2c(nc(c2)C)cc1,-8.4
n1c(onc1C)C(NC(=O)c1c2c(nc(c1)C)c(ccc2)C)CC,-8.3
c1(nc(c(o1)C)CN(Cc1cc(n2nc(cc2C)C)ccc1)C)c1c(c(OC)ccc1)OC,-7.4
C(=O)(N1CCN(c2nnc(cc2)C)CC1)Nc1ccc(cc1)OC,-7.8
N1(C(=O)Cn2ccc3c2cccc3)[C@@H]2[C@](CC1)(CC[C@@H](C2)O)OC,-7.8
c1(c(nccc1)N)CN(CC1CN(Cc2ccccc2)CC1)C,-7.3
N1([C@@H]2[C@](CC1)(CC[C@@H](C2)Oc1ncccc1)OC)Cc1c(cc(cc1)F)F,-8.1
N1(C(=O)COc2cc(c(cc2)Cl)C)CCN(c2cc(Cl)ccc2)CC1,-8.1
C1(C(=O)N(CC2CC2)CCC1)(CN1CCC(Cc2c(F)cccc2)CC1)O,-7.6
c1(c(ccc(c1)CN(CCN(C)C)C)OC)C,-5.7
N1(CC(NC(=O)CCC2CCN(Cc3cc(C(=O)C)ccc3)CC2)CC1)Cc1ccccc1,-7.7
n1(c(nnc1SCC(=O)Nc1c(C#N)cccc1)Cc1ccccc1)C,-7.4
N1(C(=O)CCn2ncc(c2)C)C(CCCOC)CCCC1,-7.2
c12c(C(SCC(=O)N1)c1cc(c(cc1)O)OCC)c(n[nH]2)C,-7.3
N1(C(=O)C(c2ccccc2)c2ccccc2)Cc2c(c(cc(c2)c2c(C)cccc2)OCC2COCC2)OCC1,-8.7
c1(nc2c([nH]c1=O)cccc2)C(=O)N1[C@@H]2[C@](CC1)(CC[C@@H](C2)OC)OC,-8.2
C12CN(C(=O)Nc3cc(OCc4ccccc4)ccc3)CCN1CCNC2=O,-8.9
o1c(nnc1COc1c(C)cccc1)SCC(=O)NCC(=O)c1ccccc1,-7.1
C(=O)(C1(c2ccccc2)CCOCC1)NCc1ccc(N2CCCCC2)cc1,-9.0
c1(cn(c2c1cccc2CC)CC(=O)NCCc1cn(nc1)C)C(=O)C,-8.0
N1(C(=O)CC(C1)NCc1cc(cc(c1)OC)OC)Cc1ccc(F)cc1,-8.7
C(=O)(N1CCN(c2ccncc2)CC1)C1OCCNC1,-6.6
c1([N+](=O)[O-])c(cc(N2CCN(C(=O)c3sccc3)CC2)cc1)N1CCN(CC1)c1ccccc1,-7.7
c1(C(=O)Nc2c(C(=O)c3ccccc3)cccc2)oc(cc1)CC(C)C,-7.6
n1(c2cc(C(=O)NCCCN3CC(C(=O)N)CCC3)ccc2)cnnc1,-8.4
C(=O)(C(=O)NCCCn1cncc1)NCc1ccc(cc1)OC,-7.6
[N+](=O)(c1cc(CN2CCC(Cc3ccccc3)CC2)c(cc1)Cl)[O-],-8.1
S(=O)(=O)(N1CCCC1)CCNc1c2c(nc(n1)C1CCCC1)n(nc2)C,-7.4
n1c(cc(nc1N)[C@@H]1C[C@@H](C1)N)N1CCC(Oc2cc(ccc2)C)CC1,-8.9
S(=O)(=O)(N(c1ccc(C(=O)Nc2cc(c(cc2)OC)OC)cc1)Cc1ccc(Cl)cc1)C,-7.1
c1(n(nc(c1)C)CCOCC)C(=O)NC1CN(c2nccnc2)CCC1,-7.6
[N+](=O)(c1ccc(Oc2cc3c(cc2)cccc3)cc1)[O-],-7.9
C(=O)(NC1(C(=O)N)CCCCCC1)c1cc(OC(F)(F)F)ccc1,-7.6
C(=O)(N1CCN(Cc2cc(cc(c2)F)F)CC1)C1CC=CC1,-7.5
N1(c2ccc(cc2)C)CCN(/N=C\c2ccccc2)CC1,-7.2
c1(C(=O)N2CCN(Cc3sccc3)CCC2)oc(cc1)COC,-7.5
N1(C(=O)NCc2nc([nH]n2)C)C[C@@H]([C@H](C1)O)N1CCCCC1,-7.8
n1c(oc2c1cc(C(=O)N1CC(c3ccccc3)CCC1)cc2)C(C)C,-8.6
N1(C(=O)c2c(C1=O)ccc(c2)C(=O)c1cc2C(=O)N(C(=O)c2cc1)CCOC)CCOC,-8.4
N1(C(=O)c2c(C1=O)ccc(c2)NC(=O)CCN1C(=O)c2c(C1=O)cccc2)c1ccccc1,-8.9
n1c(c2c(c3c1cc(NC(=O)OC)cc3)ccc(NC(=O)OC)c2)c1ccccc1,-8.7
N1(C(=O)Cc2cc(OC)ccc2)CC2(CN(C(=O)CC2)CCO)CCC1,-7.7
c1(nc(c(s1)C)c1ccccc1)NC(=O)c1c([N+](=O)[O-])cccc1,-7.3
N1(C(=S)N/C(=C\c2c(OCc3cc(F)ccc3)cccc2)/C1=O)C,-7.4
n1(c(CN2[C@@H]3[C@](CC2)(CC[C@H](C3)OCC2CC2)OC)cnc1)C1CC1,-7.0
N1(C(=O)c2c(ccc(c2)Cl)F)[C@@H]2[C@](CC1)(CC[C@H](C2)OCC1CC1)OC,-8.1
c12nc(cc(c1ccc(c2C)Cl)C(=O)NCCc1c(OC)cccc1)c1ncccc1,-7.5
c12nc(sc1c(nn2C)C)N(CCn1nccc1)CC,-6.6
c1(c2n(c3cc(n4cnnc4)ccc3CC)ccn2)nn2c(c1)CNCC2,-7.5
C1(=O)N(CC(=O)NC(CCn2c(ncc2)C)c2ccccc2)CCO1,-6.8
S1(=O)(=O)CC(CNC(=O)Nc2c(cc(C(=O)NCCOC)cc2)C)CC1,-7.6
n1(c(nnc1SCC(=O)Nc1ccc(C(=O)OC)cc1)c1ccc([N+](=O)[O-])cc1)Cc1ccccc1,-7.0
S(=O)(=O)(N(CC(=O)Nc1c(SC)cccc1)c1ccc(cc1)OCC)c1ccc(cc1)F,-8.4
c12c(sc3c2CCCC3)ncnc1Sc1c(NC(=O)CCCC)cccc1,-6.8
C(=O)(Nc1c(c(C(=O)N)ccc1)C)NCC(COc1c(cc(cc1)C)C)O,-6.8
c1(cn(c2c1cccc2)Cc1ccc(F)cc1)C(=S)N1CCC(CC1)C,-7.9
c1(c(OCc2c(F)cccc2)ccc(c1)CNCc1ccncc1)OC.Cl,-7.0
S(=O)(=O)(N(CC(=O)N1CCN(c2cc(ccc2C)Cl)CC1)c1cc([N+](=O)[O-])ccc1)c1ccccc1,-8.9
n1c(N2CCN(Cc3sc(cc3)C3CCCC3)CC2)cc(nc1N)C,-9.3
n1(ncc(c1)CN1[C@@H]2CN(C[C@H](C1)CC2)Cc1ccccc1)C(C)C,-7.2
c1(nn2c(c1)CN(Cc1nc(oc1)C(C)C)CC2)C(c1n(ncc1)C)O,-7.6
c1(nc(on1)CCC(=O)Nc1c(OCC)cccc1)c1c(OC)cccc1,-7.5
N1(C(=O)CCc2cnccc2)CC(C#N)(CCC1)C,-7.3
n12c(c(nc1cccc2)C)CC(=O)N[C@@H]1[C@H]([C@H]2[C@@H]1CCO2)N1CCCC1,-7.5
c1(n(c(nn1)C)c1ccccc1)SC(C(=O)Nc1nccs1)C,-7.0
C1(C(C1)(C)C)(C(=O)NCc1cc(N2CCOCC2)ncn1)c1ccc(cc1)C,-7.7
C(=O)(/C(=C/c1ccc(cc1)OC)/c1ccccc1)Nc1ccc(Cl)cc1,-8.0
C12(c3c([C@H]([C@@H]1OC)NC(=O)CSC)cccc3)CCN(Cc1c(cc(cc1)F)Cl)CC2,-7.8
C(=O)(c1c(Cl)cccc1)Nc1nn(cc1)Cc1cc(ccc1)C,-7.5
[N+](=O)(c1ccc(NC(=S)NC(=O)c2cc(Cl)ccc2)cc1)[O-],-8.6
S(=O)(=O)(N(c1cc(ccc1OC)Cl)CC(=O)Nc1c(CC)cccc1)c1cc(c(cc1)OC)OC,-8.4
c1(c(=O)oc2c(c1)cccc2OC)C(=O)NC(CC(C)(C)C)(C)C,-7.2
C(=O)(N(C1CC1)Cc1ccc(cc1)O)C(c1cc(F)ccc1)N(C)C,-7.5
c1(cn(Cc2c(Cl)cccc2F)c2c1cccc2)C(=O)C(=O)N,-7.8
S(=O)(=O)(c1c2c(c(cc1)OCC)cccc2)NC1CC(NC(C1)(C)C)(C)C,-8.3
C(=O)(c1cc(NC(=O)COc2ccccc2)ccc1)OCCC,-8.1
c1(sc2c(c1Cl)ccc(c2)OC)C(=O)NC(=S)Nc1ccc(S(=O)(=O)NC2CCCCC2)cc1,-7.8
n12c(sc(n2)COc2c(ccc(c2)C)C(C)C)nnc1CN1CCCCC1,-7.7
c1(n(nc(c1)C)C(C1CC1)C)NC(=O)N(Cc1nc(no1)c1cnccc1)C,-8.4
c1(nc2n(cc(c3c(oc(c3)C)C)n(c2=O)C)c1)C(=O)N(C(C(=O)N)C)C,-7.9
c1(nc2c(s1)cccc2)c1c(ccc(NC(=S)NC(=O)/C=C/c2ccccc2)c1)O,-8.8
C1(=C(C(=O)N(C1c1ccncc1)Cc1cnccc1)O)C(=O)c1ccc(OC(C)C)cc1,-8.6
C(=S)(N1Cc2c(CC1)cccc2)Nc1ccc(CC(=O)OC)cc1,-7.8
c1(cc(c2sc(cc2)Cl)nc2c1cccc2)C(=O)NCc1cc(c(cc1)OC)OC,-8.1
N1(C(=O)COc2ccc(F)cc2)CC(Cc2ccc(cc2)CO)CC1,-8.0
S(=O)(=O)(/N=C\1/C(=CC(=O)C(=C1)C)C(C)C)c1ccccc1,-8.5
S(=O)(=O)(N1CCN(c2nc(cc(n2)C)NCC)CC1)c1cnccc1,-7.4
N1(C(=O)CC(C1)NC(=O)CCCn1nnnc1)Cc1c2c(ccc1)cccc2,-7.7
S(=O)(=O)(c1cc(c(OCC(=O)N2CCN(C(=O)OCC)CC2)cc1)Cl)NCC(C)C,-7.4
[N+](=O)(c1ccc(Sc2ccc(NC(=O)COc3ccc(cc3)OC)cc2)cc1)[O-],-7.5
c12c(c(=O)n(c(=O)n2C)C)n(c(n1)NCCO)CCc1ccccc1,-7.9
S(=O)(=O)(N([C@@H]1C(=O)NCCCC1)Cc1ccc(OCc2ncccc2)cc1)c1c(C(F)(F)F)cccc1,-8.4
C(=O)(NC(CCc1ccccc1)C)CCC(=O)NC(CCc1ccccc1)C,-6.9
c1(nc(nc(c1)N1CCCC1)C)N1CCN(C(=O)Nc2c(CC)cccc2)CC1,-8.3
C(=O)(Nc1c(cccc1C)C)c1c(NC(=O)CCc2cnccc2)cccc1,-7.4
C(=O)(N1CCN(Cc2cnccc2)CCC1)c1ccc(c2n[nH]cc2)cc1,-8.9
n1c(cc(o1)CN1CCN(Cc2nc(sc2)C)CC1)c1ccccc1,-8.7
n1(c2cc(N3CCN(C(=O)c4cc(F)ccc4)CC3)ncn2)cnc(c1C)C,-9.5
n1(c(nnc1SCc1c(C)cccc1)CN(Cc1c2ncccc2ccc1)C)CC1OCCC1,-7.7
S(=O)(=O)(c1ccc(OCC(=O)N2CCN(CC2)c2ccccc2)cc1)NCCC,-7.3
c1(c(c(c(s1)C)C)C(=O)N)NC(=O)c1cc(nc2c1cccc2)c1cc2c(OCO2)cc1,-8.7
c1(nc2n(c1)ccs2)C(=O)NCCc1nc(on1)C1CCCC1,-8.3
c1(c2ncnn2CC)c(ncn1CCOCC)c1ccccc1,-7.1
[N+](=O)(c1cc(C(NC=O)c2ccccc2)ccc1)[O-],-7.6
N1(C(=O)c2ccc(NC(=O)CCCC)cc2)c2c(CC1)cccc2,-7.3
S(=O)(=O)(N1CCC(C(=O)NCCOc2ccc(F)cc2)CC1)c1ccccc1,-8.0
N1(c2nccnc2C)CC2(CN(Cc3cc(c(cc3)F)F)CCC2)CC1,-7.8
c1(c(N2CCN(C(=O)c3cc(OC)ccc3)CC2)ccnc1OC)C#N,-8.5
S(=O)(=O)(N1C[C@@H]2N(C[C@H](C1)CC2)C)c1c(OC(F)(F)F)cccc1,-7.9
C(=O)(c1cc(nc2c1cccc2)c1ccc(cc1)C)Nc1c(cc(cc1)OC)OC,-8.0
c1(sc(nn1)N)C(NC(=O)Cn1c(ncc1)CC)c1ccccc1,-7.9
c1(=O)n(c2c(o1)cccc2)CCN1CCC(c2ncon2)CC1,-8.6
c1(c(NC(=O)COc2c(c(ccc2C)C)C)cccc1)C(=O)O,-7.1
c1(C(=O)N2[C@H]3CN(c4ncccn4)C[C@@H](C2)CC3)cn(nc1)c1ccccc1,-8.7
N(C(=S)Nc1cc(C(F)(F)F)ccc1)C(=O)c1ccc(cc1)OCCC,-7.4
N1(C(=O)CCc2nccnc2)C[C@@]([C@@H](C1)C)(O)C,-6.8
c1c([C@H]2C[C@H](C2)O)ncnc1NCCCNc1ncc(cc1)C,-6.7
n1(c2c(cc1)cc(C(=O)NCC1(N3CCOCC3)CCCC1)cc2)CC,-8.9
O(c1ccc(cc1)CNCCC)C1CCCC1.Cl,-6.4
c1(C(=O)N(C(c2nc(cs2)C)C)C)c2c(ncn2CCOC)cc(NC(=O)C2CCCCC2)c1,-7.3
C(=O)(NC(CC)C)Cc1ccc(Cl)cc1,-6.5
c1([nH]c2c(c1C)cc(cc2C)C)C(=O)N[C@H]1CCNC1,-7.4
C1(C(=O)N(CCCc2ccccc2)CCC1)(CN(Cc1sccc1)C)O,-7.3
c1(nc(oc1)COc1c2ncccc2ccc1)C(=O)NCC1(OCCC1)C,-8.1
n1(ncc(c1)C)CC(=O)N(CC1OCCOC1)C,-6.9
N(C(=O)c1cnc(N(C)C)cc1)C(c1ncccc1C)C1CC1,-6.3
N1(C(=O)c2c(C1=O)cccc2N1CCN(Cc2ccc(Cl)cc2)CC1)CC1OCCC1,-9.0
n1c(c2c(nc1SCC(=O)c1ccccc1)cccc2)O,-8.0
c1(nc(sc1)Cc1ccccc1)C(=O)N1CC(C(C1)(O)C)(C)C,-7.7
S(=O)(=O)(N(C(C(=O)NCCN1CCOCC1)CC)c1cc(Cl)ccc1)C,-6.7
n1(c(nnc1C1CCN(Cc2cnccc2)CC1)Cn1cncc1)C,-7.5
c1(c(cn(n1)C)Cl)C(=O)N[C@H]1[C@@H](OCC(=O)O)CCOC1,-6.4
n1c([C@@H]2[C@@H]3N([C@@H](C2)c2ccccc2)CCC3)noc1c1c(nc(nc1)C)C,-8.4
n1c(c(C#N)cc2c1CCCC2)SCC(=O)Nc1c(OC(F)(F)F)cccc1,-7.6
S(=O)(=O)(N1CCCCC1)Nc1ccc(cc1)C,-7.3
n1(c(n[nH]c1=S)c1ccc(C(C)(C)C)cc1)Cc1occc1,-7.4
n1(nccc1)c1ccc(CN(Cc2ncccc2F)C)cc1,-7.7
c1(nc2n(c1)cc(cc2)Cl)C(=O)N1CC(=O)N(CC1C)c1c(C)cccc1,-8.8
N1(C(=O)Cc2c(cc3c(c2)OCCO3)Cl)C[C@@H](N(C)C)CCCC1,-7.3
N1(C(=O)CC(C(=O)NCc2noc(c2)C)C1)CCN(C)C,-7.2
c1(nc(oc1)Cn1cnc2c1cccc2)C(=O)N(Cc1ncccc1)CC1OCCC1,-8.3
S(=O)(=O)(N(CC(=O)N1CCCCCC1)c1c(ccc(c1)C)OC)C,-6.9
S(=O)(=O)(N1CCC(C(=O)NC2CCN(CC2)C)CC1)c1ccc(SC)cc1,-7.1
n1(nnnc1C)CC(=O)N1CCC2(c3c([nH]cn3)CCN2CCCC)CC1,-7.6
S(=O)(=O)(c1cc2c(cc1)cccc2)NCCCN1CCC(CC1)C,-7.7
c1(c(c(c(s1)C)C)C(=O)OCC)NC(=O)c1cc(c(cc1)C)C,-7.3
c1(c2c(ccc1OC)cccc2)/C=N/NC(=O)c1c(C)cccc1,-10.5
c1(c(n[nH]c1)C)CN(C(=O)CC1CCN(Cc2ccccc2)CC1)C,-7.3
[N+](=O)(c1cc(/C=N/NC(=O)c2c(cc(cc2)O)O)ccc1)[O-],-8.1
N1(c2ncccc2)CCN(/N=C(/c2ccc(cc2)O)\CC)CC1,-7.2
n1c(n(c2c1cc(C(F)(F)F)cc2)CC)CC,-6.0
c1(nc2c(s1)cc(S(=O)(=O)C)cc2)NC(=O)c1cc2c(OCO2)cc1,-8.3
N1(C(=O)CC(C1=O)Sc1c(C(=O)O)cccc1)c1c([N+](=O)[O-])cc(cc1)OCC,-8.3
N1(C(=O)c2c(C1=O)ccc(C(=O)N1CCC(C(=O)N)CC1)c2)CCc1ccccc1,-8.5
c1(=O)n(c2c(o1)cccc2)CCC(=O)NCc1sccc1,-7.1
c1(C(=O)N2CCC(N3CC(C(=O)NCc4cnccc4)CCC3)CC2)n[nH]cc1,-8.1
C(=O)(c1c(OC)cccc1)N1CCN(CC1)CCNC(=O)C(=O)Nc1ccc(cc1)OC,-7.2
c12c(N3CCC(CC3)NCCCc3cn(nc3)C)ncnc2c(cs1)C,-7.2
S(=O)(=O)(NC(C)(C)C)c1ccc(cc1)CCC(=O)Nc1cc(SC)ccc1,-7.2
c1(nc(nc(c1)N1CCN(C(=O)Cc2c[nH]c3c2cccc3)CC1)C)n1nccc1,-8.6
c1(cn(c2c1cccc2)CC(=O)NCCNc1cnccc1)C(=O)C1CC1,-6.6
c12c(n(c(n1)CN1CCOCC1)Cc1ccccc1)c(=O)[nH]c(=O)n2C,-7.7
N1(C(=O)Cc2cc(c(cc2)O)Cl)CC(COCC1)CO,-6.8
c1(c(cc(cc1C)OCC(=O)Nc1ccc(cc1)C(CC)C)C)Cl,-7.6
[N+]1(=C(C(N(C1(c1ccc(cc1)OC)C)O)C)c1ccccc1)[O-],-7.5
c1(c(ccc(c1)C)C(C)C)OCCNCC.Cl,-5.4
c1([N+](=O)[O-])c(N2CCN(C(=O)COc3c(cc(cc3)Cl)C)CC2)ccc(c1)Cl,-8.1
S(=O)(=O)(N1CCN(C(=O)c2[nH]c3c(c2)scc3)CC1)N1CCCC1,-7.9
N1(C(=O)CC(C1)C(=O)NCc1c2n(nc1)cccn2)C1CC1,-7.2
C1(C(=O)NCc2nc3c(o2)cccc3C)(CC1)Cn1cncc1,-7.9
N(C(=O)CCSCc1ccc(F)cc1)[C@H]1[C@H](OCC)COCC1,-6.6
S(=O)(=O)(NNC(=O)Nc1c(c(Cl)ccc1)Cl)c1ccc(cc1)CCCC,-7.8
N1c2c(NCC1=O)ccc(C(=O)NCCc1nc3c(c(n1)C)CCCC3)c2,-9.4
c1(sc2c(c1Cl)cccc2)C(=O)Nc1ccc(N2CCN(Cc3ccccc3)CC2)cc1,-5.6
n1(c(nc2c(c1=O)cccc2)c1ccc(cc1)C)N,-7.5
C(=O)(C1CN(C2CCN(Cc3cc(ccc3)C)CC2)CCC1)NC1CC1,-7.3
C(=O)(c1c(c(O)ccc1)C)N1CCC2(CN(C(=O)CC2)CCN(C)C)CC1,-8.0
C(=O)(N1CCN(CC1)c1ccccc1)c1ccc(n2cccc2)cc1,-7.9
[N+](=O)(c1ccc(C(=O)OCc2nc3c(s2)cccc3)cc1)[O-],-8.2
N1(C(=O)c2ccc(cc2)COC)[C@@H]2[C@](CC1)(CC[C@@H](C2)O)OC,-7.0
c1(c(ccc(c1)CNCCO)OCCc1ccccc1)OC,-6.8
C1(=C(NC2=C(C1c1cc(F)ccc1)C(=O)CC(C2)c1ccccc1)C)C(=O)OCCOCC,-7.5
N1(C(=O)CC2(C1)CCN(C(=O)C(SC)C)CC2)CCCc1ccccc1,-7.5
S(=O)(=O)(N1CCCCC1)c1cc(C(=O)N(c2ccccc2)C)ccc1,-8.2
C12(c3c([nH]cn3)CCN1CC)CCN(C(=O)c1cc3nc([nH]c3cc1)C)CC2,-7.9
N1(C(=S)/C(=C\c2cc(c(cc2)O)OCC)/SC1=O)NC(=O)c1cc([N+](=O)[O-])ccc1,-7.6
n1c(noc1CNC(=O)C1CCN(Cc2ccc(F)cc2)CC1)c1ccccc1,-8.0
n1(c(nnc1SCC(=O)Nc1ccc(I)cc1)C(NC(=O)c1ccc(cc1)F)C)CC,-8.4
c1(c(CNc2c(C#N)cccn2)cccn1)Oc1c(cc(cc1)F)F,-7.4
c12n(nnn1)CCCCC2C(=O)NCc1c(nccc1)OCC,-7.7
N1(C(=O)CN(C(=O)C(Oc2ccccc2)C)CC1)c1cc(OC)ccc1,-7.6
C(=O)(N1C(CO)CCCC1)Nc1cc(C(=O)NC2CC2)ccc1OC,-7.0
N1(C(=O)Cc2cc3c(OCO3)cc2)CCN(CC1)CCOc1cc(CN(CC2NC(=O)CC2)C)ccc1,-8.3
P(=O)(c1ccccc1)(O)CCCCCC,-6.7
c1(c(OCC(CN2CCOCC2)O)c(OC)ccc1)CN(Cc1c(cncc1)C)C,-6.9
c1(C(=O)N2C[C@@H]3N(C(=O)O[C@@H]3C2)CCc2cc(Cl)ccc2)n(ncc1)C,-8.4
N1(C(=S)S/C(=C\c2oc(cc2)c2cc(Cl)ccc2)/C1=O)c1ccc(cc1)OC,-8.9
c1(cc(n[nH]1)c1oc(cc1)C)C(=O)N1CC(Cc2nc(no2)COC)OCC1,-8.4
n1c(csc1C)c1cc(NC(=O)NCCN2C(CO)CCCC2)ccc1,-8.2
n1c(c(cc2c1c(ccc2OC)OC)CN(Cc1oncc1)C)c1cc(ccc1)C,-8.2
c1(c(ccc(c1)CCNC(=O)Cc1ccc(cc1)C)OC)OC,-8.4
N1(c2nccnc2)C[C@H]([C@H](NC(=O)c2nc(nc(c2)CC(C)C)N)CC1)O,-7.7
C(=O)(N1CCN(CC1)CCO)c1ccc(c2c3c(ccc2O)cccc3)cc1,-7.4
c1(=O)n(c2c([nH]1)cccc2)C1CCN(C(=O)c2cc3cc(oc3cc2)C)CC1,-9.9
N1(C(=O)CN(C(=O)CCCn2nc(cc2C)C)CC1)c1c(OC)cccc1,-7.6
N1(C(=O)C2CN(Cc3occc3)CCC2)CC(C1)Oc1c(F)cccc1,-8.0
c12n(c3c(c(=O)n1c1ccccc1)c1c(s3)CCCC1)c(nn2)SCCC(C)C,-7.7
c12c(OCCO1)ccc(c2)CNCCOCCO.Cl,-6.7
n1c(onc1CC(C)C)CN(Cc1ncc(c(c1)O)OC)C,-7.1
c1(C(=O)N2CC3(C(=O)N(CC4CCCCC4)CCC3)CC2)ncoc1CC,-8.2
c1(C(=O)N2C(C(=O)N(CC2)C)C)c(n[nH]c1)c1cc(F)ccc1,-8.2
c12n(nc(n1)C(=O)O)C(CC(N2)C)C(F)F,-7.5
c1(nc(nn1CCc1ccccc1)CC(=O)N)c1n(C2CC2)ccc1,-8.2
n1nc(sc1CCNC(=O)c1cnc(nc1)c1ccncc1)C,-8.3
c1(oc(nn1)C)NC1CCN(Cc2cc(cc(c2)F)F)CC1,-8.7
n1(c(=O)n(nc1c1ccccc1)c1c(Cl)cccc1)CC(=O)NC(CC)C,-7.4
c1(C(=O)C(=O)N2CCC(C(=O)OCC)CC2)c[nH]c2c1cccc2,-8.1
N1(C(=O)c2cc(c(cc2)C)C)CC(CCC1)C,-7.8
N1(C(=O)CC(C1)C(=O)NCCN1CCOCC1)C1CCCCC1,-7.0
c1(n(cnn1)C)Sc1oc(CN2C(CCn3cncc3)CCCC2)cc1,-7.1
[C@@]12([C@H](CN(C(=O)c3n(nc(c3)C)C)C1)c1c(OC2)cc(cc1)OC)C(=O)O,-8.0
n1(c(nnc1S)c1cc([N+](=O)[O-])ccc1)c1c(OCC)cccc1,-7.1
S(=O)(=O)(Nc1ccc(NC(=S)Nc2ccc(cc2)OCC)cc1)c1ccc(cc1)C,-7.3
c1(n(ncc1)C(CC)C)NC(=O)NCC1(N2CCCC2)CCCC1,-7.2
N1(C(=O)C(CC1=O)N(Cc1ccccc1)C)c1ccccc1,-7.6
N1(C(=O)CN(C(=O)CCCn2nnnc2)CC1)c1c(OC)cccc1,-7.4
C(=O)(Nc1c(cc(cc1)F)F)c1cc(OC(C)C)ccc1,-7.6
N1(C(=O)CN(C(=O)CC2CN(C(C)C)CCO2)CC1)c1ccc(cc1)C,-7.6
n1(c(=O)cc(cn1)N(C)C)CC(=O)N1CC(C(=O)N(CC)CC)CCC1,-7.2
c12c(non1)ccc(c2)CN1CCC(C(=O)OCC)(Cc2ccc(Cl)cc2)CC1,-8.4
C(=O)(Nc1cc(c(cc1)OC)Cl)NC(CCC(=O)NC)(C)C,-7.4
n1c(onc1CCN(C(=O)c1cc(c2cc(C#N)ccc2)ccc1)C)C(C)C,-7.3
c1(nc2c([nH]1)cccc2)C(NC(=O)CCNS(=O)(=O)C)CCSC,-6.9
N1(C(=O)CCC(C1)C(=O)NCCCN1C(=O)CCC1)Cc1c(F)cccc1,-7.4
c1(c([nH]nc1C)C)C(C(=O)NCCn1c(c(nc1)C)C)N,-7.0
S(=O)(=O)(CC12C(C(CC1=O)CC2)(C)C)N(c1ccccc1)C,-7.5
c12n(nc(c1)C#N)CCN(C(=O)CN1CC(CC1)N(C)C)C2,-7.1
S(=O)(=O)(N(CC(=O)NCCSCc1c(Cl)cccc1F)c1ccccc1)c1ccccc1,-7.9
S(=O)(=O)(c1cc(c(cc1OCC)C)C(C)C)Nc1ncccc1C,-7.1
n1c(onc1CCN(C(=O)/C=C/c1ccccc1)C)C1CC1,-8.1
C(=O)(Nc1c(cc(Cc2cc(c(NC(=O)Nc3ccccc3)cc2)C)cc1)C)Nc1ccccc1,-8.2
S(=O)(=O)(N(CC(=O)Nc1cc(ccc1C)Cl)c1ccc(cc1)C)c1ccc(cc1)C,-9.3
N1(C(=O)S/C(=C/c2c(Cl)cccc2)/C1=O)c1ccc(cc1)C,-7.0
c1(NC(=N)Nc2c(Oc3ccccc3)ccc(c2)Cl)nc(cc(n1)C)C,-7.7
S(=O)(=O)(Nc1c(OC)cccc1)c1cc(ccc1)C,-8.1
c1(CC(=O)N(Cc2cnccc2)CCCC)c([nH]nc1C)C,-7.4
S(=O)(=O)(c1cc(c(cc1OC)C)C(C)C)N1CCN(CC1)c1ccccc1,-7.3
c1(c2c(ccc1O)cccc2)/C=N/Nc1c2ncccc2ccc1,-8.1
S(=O)(=O)(N(c1c(c(ccc1)C)C)CC(=O)Nc1cc(ccc1)C)c1ccccc1,-9.4
c1(ncc(C(=O)NCCCSCc2occc2)cn1)C1CC1,-6.0
c1(sc(nn1)SCC(=O)Nc1ccc(cc1)OCC)NC(=O)/C=C/c1ccccc1,-7.5
[N+](=O)(c1c(cc(C(=O)Nc2ccc(OCC(=O)O)cc2)cc1)C)[O-],-8.3
c1(n[nH]c(c1)COc1c(F)cccc1)C(=O)NC(CO)(CO)CC,-7.4
n12c(cnn2)CO[C@@H]2[C@@H]1CCN(C(=O)c1c3c(nc(c1)C)c(Cl)ccc3)C2,-8.2
C1(=O)[C@H]2CN(CC(=O)Nc3ccc(C(=O)N)cc3)C[C@@H](N1)CC2,-8.4
S1(=O)(=O)C[C@@H]2[C@@H](N(Cc3ncon3)CCN2Cc2cnccc2)C1,-8.5
c1(nc(nc(c1)C1CC(C1)N)COC)N(Cc1n(ccn1)CC)C,-6.2
n1c(c(cnc1N)CC)NCC(N1CCCCC1)c1cnccc1,-7.9
C(=O)(c1c(OCC)cccc1)Nc1ccc(NC(=O)CCC)cc1,-6.9
c1(c(oc(n1)Cc1ccccc1)N1CCCCC1)[P+](c1ccccc1)(c1ccccc1)c1ccccc1.[Cl](=O)(=O)(=O)[O-],-8.9
C1(=O)N(C2CCN(C(=O)CCCc3ccc(Cl)cc3)CC2)CCO1,-8.3
c1(nc(c(s1)C)c1ccc(cc1)C)NC(=O)COc1c([N+](=O)[O-])cccc1,-8.0
c1(C(=O)OCc2cc(Oc3ccccc3)ccc2)c(OC)cccc1OC,-7.3
c1(c(ccc(c1)C)OCCOCCOc1cc(OCC)ccc1)OC,-6.3
n1(c(nc2c1cccc2)SCC#C)C(=O)/C=C/c1cc(c(cc1)OC)OC,-7.6
n1n(cc(n1)C1CC1)C1CCN(CC1)C/C=C/c1c(OC)cccc1,-8.0
c1(c2c(CN3CCN(Cc4cnccc4)CCC3)cccc2)occc1,-7.7
c1(ncccn1)OC1CCN(CC(=O)NCC2OCCC2)CC1,-7.4
N1(C(=O)OC)C(C(=O)NC2CCN(Cc3ccncc3)CC2)CCCC1,-7.7
C1(Oc2c(OC1)cccc2)C(=O)Nc1ccc(C(=O)Nc2ncccc2)cc1,-7.8
C(=O)(c1cc(c(cc1)OC)Cl)NCCCOC,-6.3
n1c(nc(cc1N1CCN(C(=O)Cc2ccc(Cl)cc2)CC1)C)N1CCCCC1,-8.3
S1(=O)(=O)C[C@@H]2N(C(=O)c3n[nH]cc3)CCN([C@@H]2C1)C(=O)CC,-8.2
c12c(c3c(o1)cccc3)cc(c(c2)NC(=O)CCOc1c(C)cccc1)OC,-8.1
c1(c(NC(=O)CSCc2c(F)cccc2Cl)cccc1)C(=O)NCCCC,-6.8
n12c(c(c(n2)C)C)nc(cc1N1CCN(CC1)CCCOC)CC,-6.6
n1(c(=O)c(ccc1)OC)CC(=O)N1C[C@@H](O[C@@H](C1)C)C,-7.0
c1(c(=O)[nH]c(nc1)C)CC(=O)N[C@H]1[C@H](OCc2ncccc2)CCOC1,-7.7
